,SUB_ACC_ID
0,O43255
1,Q9Y2V2
2,O43602-2
3,P30304
5,O75449
6,P04637
9,Q92630-2
15,P43686
18,Q14194
19,Q13541
20,O95863
22,P84243
24,Q00613
25,P46531
32,Q14195
33,Q16555
34,P10636-8
42,Q9UHD2
46,P01106
47,Q53QZ3
48,P62805
49,P05412
50,Q05682
53,Q8TDZ2
54,Q99523
55,P55210
56,P00519
57,Q13177
59,Q15796
60,P35240
62,Q04637
69,P49023
73,Q16659
77,P35222
80,Q70Z35
81,P04049
83,Q8IYU2
84,P05141
87,P05198
89,Q9UQL6
90,P18433-2
91,P10415
92,P61978
93,P19634
94,Q9UQ13
95,P53004
96,P15941
97,P35611
98,P14598
99,Q8TCJ0
100,Q16206
101,Q7KZI7
102,P19429
103,P15407
104,O76090
105,Q9UBS0
106,Q15080
108,Q9H257
109,P05107
110,Q05655
111,Q9HBA0
112,P13796
113,Q13501
114,P05787
115,P04406
117,Q02297-6
119,P51398
120,P42224
123,P62753
126,Q99808
127,P58753
129,Q14247
130,P98082
131,Q9Y2R2
132,Q15139
139,P05230
141,P17405
142,P68431
143,P28329-3
144,P13498
147,P06401
148,Q8TCU6
149,P78536
150,P12830
151,P21730
152,P35568
153,Q9NRY6
154,O95544
156,Q96A00
159,P11413-3
161,Q00535
162,P53671
164,P10588
166,Q96D96-4
169,P40189
172,P23396
174,O14939
175,O95817
176,Q8NE86
179,P29353-2
180,P00533
181,Q15717
183,Q16236
184,O00165
189,P49840
190,P61073
193,Q96C90
194,P49815
195,P30273
196,Q9BZK7
197,P49841
198,P40763
200,O00429
202,Q09472
204,P02545
205,Q01543
206,P08581
209,P09758
211,Q9UQ80
212,Q96D96
213,P04040
214,O15350-2
215,P12931
217,P52757
218,P30086
223,Q8IV61
225,P14618
226,P51692
227,P52789
229,Q16875
230,P38936
231,P00338
234,Q13131
236,Q13200
238,P09467
239,Q16877
240,P24588
241,Q14524
242,P35367
244,P15036
245,P23677
247,Q9Y618
248,Q14654
249,Q96PH1-4
250,Q9UQD0
251,P05556
252,P07101-4
256,O15273
257,O00631
258,Q9UQM7
262,P14921
264,P35270
266,P43003
267,O95997
270,P46527
271,P11831
272,Q9NQC7
274,Q92736
277,P08670
278,O14713
281,P31645
282,P07101
284,O75469
285,P21333
286,Q14457
288,O43526-4
292,Q06210
296,O14490-2
300,P09917
302,P41134
306,P51790
312,Q9UQM7-2
316,Q9NSA2
317,Q4G163
319,P55042
321,Q96PM5
322,P16949
328,Q12879
331,P35372
333,Q9Y496
335,Q9Y4D2
337,Q9BXL7
340,Q01970
341,Q00005-2
346,P16070
348,Q14674
349,O95180
350,P07101-3
351,P78352
362,Q13224
363,P42261
364,Q04760
366,P37840
372,Q9H254
381,P26678
385,O95786
386,Q13153
387,P35638
388,P08473
389,P60484
390,O75582
391,P41236
392,P51636
393,Q01082
394,P27348
395,Q9UNN5
396,P35580
397,Q8N5P1
398,P30260
399,Q16625
400,Q13148
401,P32004
402,P18887
403,Q14449
404,P83916
405,Q15555
407,P03372
408,P18848
409,Q13428
410,P42892-3
412,P04004
413,Q15287
414,P35221
416,P25490
417,P42768
418,O60936
419,P25686
421,Q8N5B7
423,P55010
424,Q96PX8
425,P05114
426,Q6VY07
427,Q13393
428,P49959
429,P08235
430,P45984
433,P18846
434,Q96FW1
435,Q9UKD2
436,Q9BXW9
437,Q04724
440,P35226
441,Q9Y6W5
442,O00170
443,O14958
444,P17096-2
445,Q15003
446,Q9BSI4
447,P09629
448,P60983
449,P08195
450,Q06787
453,Q9HA82
454,Q14676
456,P06127
457,P02649
459,P13569
460,Q8TEA8
461,Q92538
462,Q13371
463,P0DMV8
464,Q6ZMG9
466,P0DP23
467,Q08945
468,Q03014
469,Q14005
473,Q9UER7
477,Q14940
478,P49810
481,O15266
482,Q9UHH9
483,P25963
484,Q14761
486,P32121
488,P11387
489,Q96SB4
490,O75925
491,Q9UKX2
493,Q96EB6
494,Q9UPP1
495,P21673
496,P11388
497,P08833
498,P54252
500,P17936
501,Q9UQE7
502,P05455
504,P10242
506,Q13323
508,P67870
513,P16220
514,Q9Y5B0
515,P35579
516,Q9Y4R8
518,Q9NYV6
519,P54252-1
520,Q8IVP5
523,Q96IZ0
524,Q00987
526,Q9Y365
530,P54274
531,P0C0S8
532,O15259
536,P08238
538,O14950
540,P42858
542,P31749
543,P12821
544,P49736
545,P49427
546,P50895
551,Q8NE71
553,P30203
554,P07900
555,O75822
559,P38398
560,P51946
566,Q92796-2
568,Q9Y6K1
569,Q13509
573,Q04206
575,O95905
576,P00374
577,P39687
583,Q9NY61
584,Q8TAE8
588,P11717
589,P19447
590,Q92915
591,Q16666
592,Q15084
595,P00736
596,P31751
597,Q9UJU2
598,P06748
600,P30622
604,P20042
610,Q712K3
614,P29692
616,P49418
617,P33527
619,O95477
623,P09958
625,P41208
626,O43852-15
628,P28482
632,Q6NXS1
635,P22736
636,Q9UBF6
639,Q9NZQ7
640,Q96RL1
641,Q01831
645,P49716
646,P10646
647,Q8TF40
658,Q15672
662,Q16623
663,Q99638
664,Q96HZ4
667,Q9ULV4
668,Q9UGP8
671,Q92688
673,P40337
676,P48426
677,P10243
679,Q06265
681,Q92784-2
682,P56270
683,Q02078
686,Q9H6T3
688,Q9BPX3
691,Q06609
694,Q14839
697,P49321-2
698,P23760
700,P20810
701,P14317
702,Q15653
704,Q13829
708,P17096
712,Q9UJY5
717,Q13426
720,O15379
721,Q16543
725,Q15019
726,P00558
729,O75943
731,P30305
732,Q00266
733,Q9UMD9
735,O60341
736,P61244
741,Q15596
742,P29590
746,P78344
747,Q92769
748,Q14493
751,O75376
755,P42575
763,P13349
766,Q96NY9
768,Q13530
770,P16104
771,P36955
772,Q9HCU9
774,P04198
775,Q03112
777,Q8N6T7
781,Q9BRS2
785,Q9Y237
787,Q96KQ7
789,P46060
793,P41002
794,P27540
800,P04818
803,Q9C0B1
805,O43242
809,O43395
810,O76061
812,O60671
813,O43889
815,Q8NEL9
816,P43629
817,P02671
828,O15392
829,P06744
830,P30793
833,Q9UBN7
835,O43719
840,Q01534
842,Q13563
845,P30307
847,O15055
849,Q13547
851,Q13283
860,Q15185
869,P09651
875,P52907
876,P07910
877,Q93009
878,P54845
882,O43156
884,Q01105-2
886,Q96G74
888,P02751-1
902,P11473
904,P30291
909,Q12798
913,P68400
915,P06493
916,P53539
925,P40692
931,O14737
933,P12259
939,O75676
940,P10244
941,P18858
943,P05549
947,P49795
948,Q13133
949,Q9BYF1
950,Q04637-8
956,P27986
958,O75496
960,O00560
962,O43379
965,O14965
966,Q93073
968,O15143
969,Q14980
970,Q96EZ8
971,Q96R06
972,Q14203
973,Q13761
974,P00352
975,P46937
978,Q92974
981,Q9Y657
984,P12755
986,P07195
987,Q06710
988,Q9BQG0
990,Q8WV24
991,Q9HC77
993,O95239
994,Q9BT25
999,Q8TEW0
1000,Q8NHV4
1002,P53350
1005,Q15398
1007,Q13158
1008,Q9NRM7
1010,O15350
1012,O14777
1015,O95983
1016,Q99708
1019,Q49MG5
1023,Q96CX2
1027,O43521
1031,Q14511
1033,O96028
1041,Q9ULW0
1044,Q9UPY8
1047,Q14863
1050,Q99623
1051,Q13526
1052,Q9NWT8
1058,P57073
1060,Q8IX03
1061,P10275
1064,Q96CG3
1065,O15360
1069,P53667
1072,Q9BXS6
1077,P49450
1078,Q9NS23-2
1089,P11233
1091,Q9Y6A5
1096,Q9BXH1
1097,P19838
1098,Q14653
1099,P01100
1100,Q92905
1101,Q9H3D4
1102,Q92574
1103,O95999
1104,P19438
1107,P21580
1108,Q9Y4G8
1109,Q8N3F0
1112,Q9Y6K9
1115,Q7Z434
1117,Q99704
1118,Q6P2E9
1121,P20749
1122,Q9H765
1128,Q96CV9
1135,O43524
1136,Q04864
1137,Q13568
1149,Q01201
1150,Q96BF3
1154,P42771
1159,Q12778
1167,O14920
1173,O00161
1177,P35241
1178,P15311
1180,P26038
1181,P35269
1182,P13631
1185,Q9NQS7
1187,Q16584
1188,O94885
1189,Q8NHZ8
1190,Q8N122
1191,O43623
1192,O95835
1195,P46937-2
1196,Q14872
1197,P60891
1199,Q02241
1200,Q4VCS5
1205,P11908
1210,Q9GZV5
1211,Q9H4E7
1212,P51813
1213,Q96LC7
1214,Q8TDQ0
1215,Q13094
1216,P42680
1218,Q06187
1219,Q08881
1220,O75791
1221,P19174
1223,P09619
1224,P16234
1226,Q05397
1227,P42684
1230,Q13769
1235,P06241
1236,P41212
1239,Q07912
1255,Q99986
1256,P38432
1260,P15336
1261,O75531
1270,Q92993
1272,P21127
1273,P06400
1275,Q01860
1276,P24941
1278,Q00534
1279,Q8N543
1281,O00267
1283,P50750
1284,P24928
1285,Q15648
1287,P10276
1288,Q9H0D6
1290,Q01094
1296,P11802
1298,Q15797
1302,Q9BYE7
1308,Q9NYV4
1317,P11021
1324,Q13285
1325,P22455
1326,Q13043
1328,Q13546
1330,Q5VWQ8
1335,P46937-3
1337,P17275
1338,Q9NRA8
1339,Q05639
1341,P05067-4
1345,P54259
1348,P08047
1349,P31947
1350,Q9UQF2
1352,Q96I25
1353,O43561-2
1354,P42226
1355,Q13363
1356,Q14934
1357,P17535
1360,Q9UGP4
1363,Q07817
1364,Q14451
1365,Q53GS7
1366,Q9H211
1368,Q07820
1373,Q96FI4
1374,P37231
1376,P55957
1377,Q9Y6Q9
1380,O43521-2
1382,P14618-2
1385,Q93045
1386,Q96P20
1396,Q9NR28
1397,Q969R2
1399,P29474
1402,P30305-2
1403,P10070
1404,Q9NZ72
1405,Q16621
1408,P98177
1410,P36956
1411,P04150
1415,Q9H2B2
1416,P36956-3
1422,Q6SZW1
1423,P19793
1428,Q13950
1430,P85298
1436,Q99607
1441,Q8WYQ5
1444,Q12904
1448,P29966
1455,Q96LC9
1456,Q7KZF4
1462,Q14749
1463,O95644
1470,Q15750
1475,P63104
1478,P31946
1490,Q9NPI6
1493,Q06481
1495,Q9NR20
1496,P63096
1497,P09211
1498,P29353-3
1501,P52735
1504,Q13480
1506,Q8NFJ5
1508,O00767
1509,P04083
1511,O00291
1513,P18031
1518,Q92529-2
1519,P48050
1522,P67775
1524,P40818
1525,Q8TDY4
1528,Q92952
1529,Q3V6T2
1531,Q9UKV8
1532,P78527
1535,Q01813
1537,Q86WV6
1538,Q8IVM0
1542,P12004
1543,Q7Z699
1550,P11171-4
1554,Q96TA1
1556,Q38SD2
1557,Q13315
1558,Q9P0J1
1561,O15455
1563,O15492
1567,Q9P219
1569,Q15645
1570,P07948
1574,P48431
1575,Q14164
1576,Q9UK17
1583,P19105
1585,Q03181
1587,P37231-2
1595,O14980
1596,Q15208
1597,Q96QF0
1603,Q12888
1604,Q07955
1606,P08559
1607,Q13586
1610,Q13309
1611,Q96PU5
1613,Q96J02
1614,P30419
1615,Q96PD2
1617,O15117
1619,P16885
1621,Q01628
1624,O14559
1626,Q9NWQ8
1627,Q86WV1
1633,P16284
1634,P11137-3
1635,O75886
1636,P05067
1637,O43294
1638,Q13291
1640,Q99490-2
1641,P35613-2
1643,O75955
1647,Q12913
1651,Q14254
1653,P49023-2
1654,P31994
1656,P51812
1665,Q9NPH5
1668,O75051
1669,P07766
1672,P22681
1673,Q9ULL1
1674,P12318
1678,Q9NQC3
1680,O43490
1681,Q9NZA1
1685,Q14643
1686,O14522-1
1690,A8K4G0
1696,Q03135
1697,P11274
1699,Q13322
1701,P14923
1703,Q9UIW2
1709,P04626
1715,O43663
1723,P54646
1724,P52209
1725,Q16539
1726,Q8TDQ1
1728,Q15858
1733,P35354
1736,Q495A1
1748,P35637
1749,Q06124
1750,P11137
1752,Q15762
1754,P35612
1759,P17612
1760,Q9Y478
1762,P05091
1763,Q7Z3C6
1764,Q8ND76
1765,P07108
1766,Q7Z628
1768,P07954
1770,O60260
1771,Q8IY63
1773,Q15036
1775,Q9H2X6
1776,Q03393
1779,Q06210-2
1782,P50552
1783,Q13085
1785,Q9UQK1
1787,P23458
1790,Q9Y297
1791,P63244
1793,O95278
1798,Q9H0B6
1800,P09874
1803,P52292
1806,O00418
1807,Q9NY59
1808,O60825
1810,Q9NZJ5
1814,P22460
1817,Q9UQ84
1818,P08151
1820,Q16576
1822,Q9BZL4
1823,O95210
1824,Q6TCH7
1837,Q9GZT9
1841,Q13621
1844,Q13362
1845,P41235
1847,P49674
1849,Q14694
1851,Q9BUB5-2
1852,Q9NRC8
1856,Q9UJF2-2
1858,O75385
1860,P19338
1863,Q9BU19
1865,P35790
1868,Q05469
1876,Q6N021
1877,Q15910
1879,Q8WVM8
1880,P00390
1884,Q86TI0
1886,Q9H3M7
1888,Q07866
1891,P26358-2
1892,Q14C86
1895,P43490
1897,Q9P2M7
1898,Q8IXJ6
1899,P14859
1902,P55011
1908,P15056
1915,O14929
1920,O15503
1923,P43405
1924,Q9NR19
1927,O00763
1932,Q9H3D4-2
1938,P14866
1939,Q9UNW9
1950,O15294
1952,P49768
1953,P35869
1954,O75122
1955,Q6PGQ7
1959,Q9UPN3
1961,Q9UMX1
1962,O00213
1965,O95271
1966,P11308
1970,Q8NHW3
1971,Q99684
1973,Q14596
1974,P12036
1977,Q92908
1979,Q9NRR4
1981,Q07812
1982,Q96IG2
1983,P23246
1984,P56537
1986,Q9UKA4
1987,P56524
1989,P22415
1993,P52630
1994,Q14534
1996,Q9Y2X9
1998,Q9BZS1
1999,P22670
2002,P24864
2003,P13807
2006,P17661
2009,P21796
2011,O60346
2021,Q14896
2025,Q9NYF8
2026,O75030-9
2030,P48436
2031,P06401-2
2033,O75952
2034,Q14249
2035,Q01518
2039,Q9NP62
2040,P26358
2042,O75581
2045,Q6R327
2047,Q15691
2051,Q99626
2052,P17812
2058,P10636-3
2060,Q02156
2062,P01112
2063,P24071
2064,Q9BYG3
2068,Q9H0Z9
2075,P17676
2078,P24385
2082,P12524
2085,P16401
2089,P13051
2091,Q9NRD5
2092,P25054
2094,O00327
2099,O15516
2100,P30281
2101,P53805
2109,P19544-7
2114,P20393
2119,Q13485
2124,P98170
2126,P54132
2128,Q92837
2134,Q9UKT6
2139,Q00653
2140,P58012
2150,P13688
2155,P17947
2156,P15924
2159,P33076
2162,Q14103
2163,Q96KS0
2165,Q9NW38
2170,Q9UKC9
2177,Q15853
2181,Q9BPU6
2182,Q96F46
2189,Q9UKT9
2191,Q9BXF6
2197,Q15746
2199,Q9UKT5
2218,Q9Y4K3
2219,Q9HB09
2223,Q6U7Q0
2227,Q5T8D3-2
2245,Q9Y6H5
2247,P10914
2255,P30279
2260,Q08050-2
2275,Q14494
2281,Q13887
2297,Q9Y448
2303,O15033-2
2308,Q6ZMU5
2309,Q6IA17
2311,P30405
2313,E9PAV3
2316,Q9H902
2326,P28562
2331,Q9BXM7
2335,O75151
2336,Q92819
2342,Q92786
2344,Q9UQB8
2347,Q9NSK0
2350,Q9BRK0
2358,Q9GZY8
2360,Q8N2F6
2362,O60285
2366,Q9Y2H1
2367,Q9Y5S2
2372,Q92997
2374,Q8TD43
2378,O14641
2384,Q13114
2408,Q9BZL6
2410,O60716-3
2415,O60716
2419,O60353
2423,Q96SD1
2424,P23508
2429,Q14191
2432,Q9UGP5
2433,P23025
2439,P13010
2442,Q00839
2443,P15927
2446,Q96T60
2449,P31270
2453,P12956
2456,Q9BPZ7
2459,Q9H4A6
2462,Q9H9Q4
2467,P18146
2470,Q9BQ15
2471,Q00839-2
2472,P49917
2479,Q8IZL8
2484,P55895
2487,P52945
2499,P16403
2508,P67809
2512,Q9Y294
2515,O43918
2521,P54619
2533,O96017
2538,P21980
2547,Q9NUW8
2553,P55072
2555,Q8TCS8
2561,Q8N5C8
2564,Q13151
2565,P17302
2566,P04792
2568,Q96J92
2570,Q6JBY9
2571,Q969V6
2574,O95816
2577,Q9Y580
2581,P05783
2582,P18615
2584,P49137
2585,Q07352
2586,Q9NQC3-2
2588,Q9UPN4
2591,O15511
2593,Q14134
2594,P34931
2599,O95453
2600,P17844
2601,P07101-2
2605,Q92904
2612,Q13263
2616,P33241
2617,Q08499-6
2634,P35900
2643,O43432
2644,P24844
2649,Q9Y570
2651,P39019
2652,Q9UKV0
2654,Q9BYV9
2656,Q9UN36
2657,Q92945
2658,Q53EL6
2660,P42345
2661,Q92519
2663,P23443
2664,Q16637
2667,Q05195
2669,O94763
2673,Q09161
2675,P33778
2676,O60331
2677,Q9BY77
2678,Q15633
2684,Q86T24
2687,Q8TB45
2689,Q16873
2692,P27708
2696,P78371
2700,P52701
2702,P78362
2704,P23588
2708,P07814
2713,P62993
2715,P43351
2716,P46109
2719,P61586
2720,Q9Y6H1
2721,Q14847
2729,P07355
2730,O60500
2735,Q969T9
2747,O15524
2752,P19484
2755,O60343
2756,Q2PPJ7
2757,P35232
2758,P35558
2762,Q92547
2766,Q8TDN4
2769,O75030
2770,P51617
2771,P62136
2772,Q9NVE7
2779,Q96S44
2780,P08727
2782,Q9Y3M2
2783,Q92879
2785,P49918
2786,Q9BVI0
2789,P49760
2791,Q9BRQ0
2792,P53396
2795,Q96GD4
2796,P55265
2797,Q9Y283
2799,O75140
2801,P84103
2802,Q13188
2804,O14686-3
2806,Q9Y3C5
2808,Q14315
2809,Q15027
2811,Q13107
2812,P36776
2816,P15559
2820,Q9Y5S9
2825,P29375
2826,P23769
2829,P07550
2830,P54578
2833,Q5TA89
2835,P26373
2837,Q92793
2840,Q7L5N1
2841,Q96F86
2842,Q5UE93
2844,Q9BZ23
2845,P29401
2847,Q9BWT1
2848,P06899
2851,Q86V81
2853,Q9UBP6
2859,Q8WYL5
2860,O15111
2863,Q8N5V2
2872,Q9NWV8
2873,P78563
2877,P45985
2879,O14746
2883,Q96QB1
2886,P29317
2889,P61247
2890,O15519
2894,Q96KG9
2895,Q99418
2896,Q99502
2897,P17542
2898,Q92934
2900,Q9BZQ8
2903,P84022
2907,P62424
2912,Q969H0
2913,Q04912
2914,P45880
2915,P63000
2919,Q06203
2920,Q9P2H5
2921,P53804
2923,O15151
2925,Q7Z5H3
2939,P55211
2942,Q13045
2944,Q9UGI0
2945,Q99683
2946,O43464
2952,P35227
2953,P05106
2965,Q9H6Z4
2973,Q96B36
2975,Q14CB8
2976,Q96ST2
2977,Q5XUX0
2978,Q9UPY5
2980,P99999
2983,Q92900
2986,Q92794
2988,Q8N9L9
2989,Q9UKV3
2997,Q96GX5
2999,P55316
3002,O14745
3003,P53365
3004,Q6PIY7
3005,Q9P0N9
3007,O14757
3008,Q9P0V3
3009,Q9UQC2
3012,P54253
3013,Q9BRS8
3015,Q9H4A3
3016,Q9NPC1
3024,P41279
3027,Q99497
3032,Q16763
3044,P53602
3046,Q13185
3050,Q15942
3055,Q9H4X1-2
3061,Q12906
3062,Q8IYJ3
3067,Q86VP3
3068,Q86VY4
3070,P21453
3073,Q9Y2I7
3074,Q9Y4P1
3077,Q9Y261
3078,Q8WX93
3080,Q7Z6J0
3081,Q8NCD3
3087,Q15118
3089,Q71DI3
3090,Q8WTX7
3093,P15976
3097,Q12809_VAR_014388
3101,Q96HP0
3105,Q5QNW6
3106,Q7Z589
3108,Q15121
3111,P09601
3112,Q13009
3115,Q8NER1
3117,P05771-2
3119,Q07869
3128,Q9H1D0
3131,Q8IWA4
3132,Q14152
3133,P20700
3134,Q5T7P8
3141,P62491
3156,Q9UBU3
3158,P15382
3167,Q13813
3168,P16035
3169,P35916
3170,Q9Y2W1
3171,Q9H5V8
3173,Q99504
3177,P52732
3180,P78347-2
3182,O14874
3184,P19022
3185,P30411
3187,Q9Y2X7
3189,O43823
3195,P78347
3196,P04439
3197,Q12929
3198,P53355
3200,Q9UPT8
3202,Q16832
3203,Q96RI1
3204,Q13435
3206,O15530
3207,Q9Y613
3209,P16662
3210,Q9UHR4
3213,P48167
3214,Q13002
3217,P46934-4
3218,P29350
3223,O75604
3224,P15529-4
3225,P35228
3227,P26010
3234,Q9BXP5
3236,Q96TC7
3237,P17813
3241,Q9UGK3
3242,Q96P31
3249,O15162
3251,P01889
3257,Q14790
3258,P48048
3259,P01111
3260,Q9NZQ3
3262,Q9UKT4
3268,P10398
3270,Q15642-3
3275,P52565
3278,P49789
3281,Q14693
3284,Q16595
3285,P29353
3286,P11413
3289,P42229
3291,P07737
3293,Q96AC1
3296,Q96AE4
3298,O95297
3299,P98175-2
3302,Q9NPY3
3308,Q13905
3309,P63010
3310,P09327
3322,P43403
3326,Q13936
3329,P23743
3342,Q92556
3343,P50402
3344,P37173
3347,P25098
3348,Q86UR1
3354,Q9Y446
3356,Q8N556
3357,P31040
3370,P57737
3374,Q9Y624
3375,Q13642-1
3376,Q93052
3380,P06396
3386,P34741
3387,Q9UNI6
3390,P22001
3392,A1X283
3393,P46940
3397,Q9Y4D1
3398,Q9BXK1
3404,Q07954
3409,Q9NZC7
3410,Q05586
3411,P06396-3
3413,Q969H4
3417,Q9H792
3422,Q7L0Q8
3428,P35968
3432,P00519-2
3433,Q8WWM7
3436,Q13017
3444,Q14721
3449,P11511
3461,O43613
3463,P12235
3465,Q14790-4
3480,Q8WUM4
3482,P32248
3494,Q9Y371
3497,Q15654
3501,Q96RD7
3507,P33151
3512,P01116
3515,Q9ULV8
3518,Q92734
3527,O75914
3530,P19367
3545,Q9Y3Q4
3547,P10301
3548,P49279
3549,P31431
3551,Q68CZ2
3554,Q9NV92
3562,Q02153
3564,P60953-1
3565,Q99961
3566,P52566
3569,Q8IXH7-4
3570,Q15417
3572,Q01844
3578,P56945
3585,Q96KB5
3588,P50570
3591,Q9H7P9
3592,Q9NPF5
3593,Q14258
3594,O15056
3603,P51809
3605,Q96KG7
3610,P19404
3618,P36544
3620,P18827
3621,Q9UKW4
3623,P07949
3624,Q9NRY4
3627,P23528
3633,P05023
3641,P53801
3642,P17655
3646,O43597
3647,Q14155-1
3649,Q14289
3653,P30556
3654,O14976
3655,P02786
3658,Q92558
3674,Q99439
3677,P16591
3678,Q00610
3687,P10828
3691,Q9H310
3698,Q9BZG1
3715,Q6UN15
3718,Q9UN19
3721,P98161
3722,O14744
3730,Q9NR80-3
3732,P50281
3735,Q8N103
3743,P48736
3744,Q96FA3
3747,Q8WWI1-3
3749,P60520
3750,O95865
3751,Q15025
3752,Q14669
3756,Q8TEV9
3762,Q9BXW4
3768,Q92985
3773,Q9BRV8
3776,Q9BRZ2
3779,P56962
3796,Q8IUC6
3798,Q96AQ6
3800,Q86U44
3826,Q02763
3832,Q9BVS4
3833,P19525
3840,Q9UL17
3852,Q16821
3864,Q99990
3872,P32314
3875,P11362
3877,P48764
3879,Q96RK0
3881,O14649
3888,P07333
3907,P02730
3908,Q8N6F7
3910,P31995
3911,P32119
3913,Q8IWV1
3916,Q8WV28
3921,Q13422
3923,Q9GZY6
3940,P51452
3943,Q92608
3958,P10636
3968,O14986
3973,Q9Y6R1
3976,Q9UHW9
3980,P55017
3985,O43736
3998,P32927
4006,P15391
4008,Q9Y6Y9
4074,Q9Y6L6
4075,P33993
4080,Q12972
4082,Q8NEV4
4090,Q13464
4094,P49757
4095,P27448
4096,P50613
4102,Q8TAE6
4104,Q14184
4109,P17480
4110,P78545
4111,Q9NPB6
4112,Q9H8V3
4117,Q13118
4124,O15498
4140,Q9HAT8
4148,O15417
4149,Q8TAP9
4150,Q9HCJ2
4152,Q5T8A7
4153,Q14241
4154,P52597
4155,Q6PJT7
4158,Q9BUL5
4159,Q15776
4160,P49750
4161,Q69YN4
4162,O76039
4164,P38159
4165,Q92610
4166,Q66K74
4168,P78559
4169,Q8TDM6
4170,P53814
4171,Q9HAW4
4173,Q96L91
4174,P41181
4175,Q01130
4178,P08138
4183,P04179
4184,Q15759
4185,Q96L92
4192,Q8IW41
4194,Q9C000
4197,Q92993-2
4201,P17544
4215,Q15303
4218,Q9UK32
4222,Q9NVP2
4225,Q6NUN9
4226,O95202
4227,O95140
4229,P49411
4232,Q96IF1
4233,P62988
4236,Q8IXI2
4240,P68104
4241,Q15843
4243,P62987
4245,O95295
4246,Q08999
4248,O43303
4250,P62324
4252,P13639
4255,P25205
4256,O75179
4259,P10412
4262,Q15788
4263,P23771
4265,P28324
4268,P12272
4269,Q99741
4270,Q16656
4271,P10644
4273,Q92698
4276,P33981
4277,Q15813
4278,Q53GL7
4281,P04183
4282,A1KXE4
4283,Q13330
4286,Q96E09
4287,Q6P1N0
4288,Q53H80
4289,Q01167
4290,Q9Y2K7
4292,Q14207
4293,Q01196-8
4297,P48200
4298,Q9UK61
4302,O43583
4303,Q00536
4305,Q9H425
4308,P55273
4310,Q9NP87
4311,P33991
4314,P15923
4315,O60271
4317,P78317
4318,P29374
4319,Q9ULX3
4320,Q16204
4322,Q12959
4324,P08621
4326,Q8WXE1
4329,O43463
4331,Q96II8
4332,Q12800
4333,Q02535
4337,Q9UQR0
4342,P28749
4345,Q8IXM2
4349,P42677
4350,Q9UM11
4357,P31350
4363,Q02539
4366,P52948
4369,Q13303
4371,P62913
4375,P38919
4377,Q9Y253
4380,Q9NY74
4383,Q9C0C9
4387,Q13242
4389,P49916
4392,Q05516
4395,Q13416
4398,Q7KZ85
4399,Q12948
4400,Q6UB35
4403,Q15047
4405,Q6PKG0
4410,Q03252
4412,Q99728
4419,P22234
4420,O75533
4421,Q9NXR1
4425,Q8WUM0
4427,Q9NS91
4434,Q13352
4436,P22674
4437,Q9P2B4
4446,Q9H1E3
4459,Q6Y7W6
4460,Q8IXJ6-2
4469,Q5JTZ9
4472,P23921
4473,Q14202
4475,Q9UKM9
4480,Q8WYH8
4481,O00499
4482,Q05209
4483,Q15554
4484,O94761
4485,Q9NSV4
4487,P12268
4489,P55196
4492,Q53ET0
4493,P31943
4496,Q9NYB0
4498,P54198
4500,Q9NZJ0
4506,P30050
4508,P49459
4511,O60504_VAR_055019
4516,Q7Z2Z1
4517,O00571
4518,Q9BXR0
4520,Q9H2G4
4526,Q5TZA2-2
4529,Q9NRH3
4531,Q86T82
4536,Q86XL3
4537,Q9H3P2
4539,Q9UKY1
4548,Q9Y676
4552,P51587
4553,Q13415
4559,Q92785
4560,Q9UEY8
4561,Q0VD86
4562,O00311
4573,Q9C0C2
4577,P82970
4579,Q9H8Y8
4584,P23258
4590,O14686
4592,P48634
4593,P20248
4595,Q71UM5
4596,O95251
4599,O15014
4602,P17706-2
4604,Q14106
4606,Q9Y3Z3
4607,O14497
4611,Q96T88-2
4613,Q9H910
4615,Q96T88
4616,O60934
4618,Q8NBZ0
4627,Q9UIF9
4634,P46013
4637,Q2NL82
4642,O75616
4652,O75152
4655,P55795
4658,Q9P270
4661,Q9H6K1
4662,Q9C0D5
4665,P51649
4667,Q5JTV8
4669,Q8TAP6
4678,P45983
4691,P27361
4692,Q8N4X5
4713,Q02750
4721,O14974
4727,P15531
4729,P18669
4731,Q06413
4734,O00303
4735,P29597
4738,O15304
4739,P17181
4745,Q9NRZ9
4748,Q15007
4750,P49790
4754,Q15418
4756,P21802
4757,Q9H0F6
4759,Q9NYA1
4762,Q07343
4764,Q9NVD7
4767,Q13127
4770,P50616
4773,P04424
4775,Q9BY84
4778,Q13614
4779,O95600
4780,Q6UUV7
4785,P12980
4787,Q16690
4789,Q16828
4793,P13591-1
4795,Q02224
4805,Q8IZP0
4806,P35658
4810,P19878
4814,P37802
4815,P29590-4
4817,O00562
4820,P51449
4827,P49407
4834,P55327
4837,Q9ULC4
4838,Q15366
4839,Q08499-5
4840,P35236
4841,Q8N9N5
4844,P14635
4846,Q9H9S0
4847,O60244
4849,O94811
4850,P07196
4856,Q96Q27
4857,P15408
4859,Q9UKX7
4861,Q08493-2
4863,Q9GZM8
4866,Q02447
4870,P06239
4871,P42702
4873,P62070
4874,Q08499-2
4876,Q00059
4877,Q05682-4
4885,C9JLW8
4887,P49366
4888,Q9NRA0
4890,P15923-2
4901,P47712
4902,Q12931
4906,Q08495
4907,Q14686
4910,Q99967
4917,P41182
4918,Q07889
4922,Q13164
4926,Q9Y5A9
4931,Q6S5L8
4933,Q12772
4952,P02686
4953,O94953
4960,P49715
4962,P50548
4972,Q99814
4974,Q6P1J9
4984,Q9NQ66
4989,P30041
4993,Q96EP5
5010,Q96RS0
5012,Q9BUB5
5016,Q96FF9
5017,Q13625
5020,Q5JQC9
5032,Q15700
5043,Q16665
5046,Q08499-4
5049,Q9ULV5
5050,Q9Y463
5052,P51784
5056,Q53EZ4
5064,P35398-4
5072,Q5T447
5084,P23415
5089,Q9BTL3
5101,P14784
5140,P19419
5152,Q9NRF2
5157,Q07343-2
5165,Q9H9Z2
5183,P46695
5187,O60504-2
5197,Q9UPT5
5199,P43250
5201,P08069
5204,Q15722
5209,O14733
5215,P27448-3
5219,Q9Y5P4
5224,O14654
5225,Q04656
5226,Q13835
5238,Q9Y4H2
5240,O43516
5270,Q92908-2
5274,Q16658
5275,Q9H0H5
5287,Q9GZV1
5290,Q86YS7
5300,O94992
5302,Q15334
5307,Q969F2
5310,Q04759
5315,P37235
5316,O95267
5322,P01116-2
5329,Q13191
5330,Q5JVS0
5331,Q9UEW8
5333,P32942
5340,Q15052
5351,O43353
5366,Q9H093
5368,Q6UUV9
5370,Q14680
5372,Q96L34
5373,Q8IWQ3
5377,Q9H0K1
5379,Q15831
5384,Q7RTN6
5386,Q8TDC3-2
5388,P57059
5392,P26599-1
5393,Q8TDC3
5395,Q9Y2K2
5399,Q9P0L2
5404,Q9NRH2
5409,P06213-2
5414,Q92569
5415,P06213
5453,P08034
5462,Q96D71
5475,Q92882
5481,P16144
5485,O14727
5487,O95071
5493,Q2M1Z3
5522,Q96QZ7
5525,Q9HC62
5531,Q9HCU5
5538,Q6PD62
5539,P11047
5540,Q9NUU7
5541,P22626
5542,P84098
5545,Q9NRL2
5547,O00716
5550,Q9UKI8
5551,P49761
5553,Q53H47
5554,P85299
5555,O75461
5558,Q12789
5559,Q5T8P6
5560,P16989
5561,Q27J81
5567,Q14186
5568,Q9UJM3
5572,Q14966
5573,Q99590
5574,Q9UQ35
5576,Q9P2D1
5577,Q13439
5579,Q9BW19
5580,Q16181
5581,P43243
5584,P33992
5585,Q96T58
5588,Q5UIP0
5590,Q9NXE8
5591,Q96PK6
5592,Q13907
5594,Q9H8G2
5596,Q9Y520
5600,Q16143
5603,P52272
5608,Q9Y2T7
5609,O95785
5610,Q86WB0
5611,P08631
5619,Q9NWH9
5621,Q8NG66
5622,Q9NW13
5625,Q04837
5631,O95707
5633,Q8IY67-2
5635,Q6UB98-2
5637,Q9H8N7
5639,Q13257
5641,O75592
5643,Q9BRD0
5645,P36507
5651,Q9GZR7
5653,Q9BTD8
5655,P39748
5656,Q99848
5659,P49792
5664,Q08AD1
5665,Q9Y3Y2
5667,Q5JSZ5
5672,O95625
5675,Q9UMR2
5676,Q86UE8
5681,P27816
5682,Q9UK53-2
5686,Q00341
5687,Q86WR7
5688,Q14004
5689,Q6T4R5
5690,Q5JTH9
5692,Q14738
5693,P55039
5694,O43660
5695,P15822
5698,Q53F19
5701,Q9HB96
5703,Q96QD9
5712,P52294
5713,Q8N4C8
5720,Q9BXB4
5725,Q96ST3
5729,Q13470
5730,Q32P44
5731,Q9Y4F5
5732,Q8WWI1
5735,P39880
5741,Q96RR4
5747,P10071
5751,P78348-1
5752,Q9NRI5
5755,P43694
5756,Q9ULJ8
5757,Q9NX63
5759,Q9NYF0
5761,Q13972
5764,Q9NRD9
5767,Q9P289
5768,Q12809
5772,P07384
5774,O14813
5775,P14136
5776,P50549
5782,Q9UL62
5785,Q9Y259
5788,Q7Z5P4
5792,P21731-2
5797,Q9Y210
5800,Q9UHL0
5802,Q9NS28
5803,P17752
5811,O75665
5812,Q9GZX7
5814,P48544
5815,O43768
5816,O75762
5817,O14921
5819,O15217
5822,P10636-2
5825,P47736
5826,Q9H2S1
5828,Q13522
5829,Q2Q1W2
5832,P54296
5835,Q9P0L9
5838,Q96D31
5839,O15554
5840,Q02952
5845,Q684P5
5852,Q9Y4C1
5853,Q02080-2
5861,Q92917
5862,Q676U5-3
5865,Q5S007
5866,O43164
5867,Q8WTQ7
5869,Q9GZU1
5870,Q9UH17
5872,P62195
5876,Q8N5S9
5885,Q9UII2
5886,Q9NQA5
5887,P62834
5889,Q9HCR9
5895,Q8IVT5
5899,Q14185
5906,O43665
5907,O15551
5910,Q9UH99
5912,Q676U5-2
5913,P41240
5915,Q9Y6E0
5916,Q8IWU9
5925,Q12802
5927,Q86X55
5935,P21731
5941,O60941
5942,P05093
5946,Q7LDG7
5947,P48729
5949,P60880
5954,Q68EM7
5960,P08684
5962,Q9H492
5963,P49675
5969,Q9NP71
5972,P19544
5973,Q5T2W1
5981,Q92597
5985,P08183
5988,Q99996
5991,Q15054
5996,P60174-3
5997,P22459
5999,Q9HC16
6006,Q15835
6007,Q9NPC2
6010,P30518
6013,P48549
6017,P56211
6019,Q16790
6020,Q16531
6022,O76074
6027,P41161
6031,P61224
6036,O76054
6037,Q86V87
6041,Q93034
6043,Q05086-2
6046,Q06124-1
6052,P24390
6054,P56545
6057,Q8IYT8
6059,Q9NZV8
6060,Q12983
6061,P31323
6064,P34998-2
6067,O00168
6071,Q6J4K2
6072,Q9Y2K6
6075,P27815
6078,Q9BY41
6086,Q92890
6091,Q9UKG1
6100,Q7Z2W7
6104,P00439
6106,Q08499-7
6108,Q13370
6116,Q9UJY1
6119,Q14432
6127,O60658
6139,Q9Y233-2
6140,Q9UD71
6146,Q99259
6155,Q8WZ42
6156,O00482
6157,Q9NR82
6162,Q9UH77
6167,O60479
6170,Q9UNZ2
6172,Q09470
6178,P53805-2
6188,O75688
6193,P20265
6194,O00231
6203,Q9Y6D6
6212,P12270
6214,Q13576
6220,Q9H3Z4
6235,Q0VGL1
6236,Q9NP97
6239,O94875
6240,Q14344
6241,P13612
6243,O00141
6252,Q9Y6X9
6253,O60928
6256,P08588
6267,Q15642
6270,O43665-1
6274,Q13535
6283,O43181
6286,Q96D21
6293,Q15149
6296,P55064
6299,Q8WVI7
6305,Q9H2G2
6313,P16066
6314,P49748
6318,O14558
6319,Q9NQU5
6322,O43511
6330,P63252
6334,Q16891
6335,P55087
6342,P32245
6343,P49685
6346,P51787
6351,P41146
6352,P51681
6353,P30874
6355,P41143
6370,Q13163
6388,Q06413-3
6399,Q155Q3-2
6401,Q99689
6402,Q155Q3
6445,Q2M1V0
6460,Q9HCE7
6470,Q03060
6472,Q92974-2
6473,Q9UIG0
6486,Q9BR01
6494,Q16559
6524,P56192
6557,Q92797
6559,Q9NZI5
6561,Q16254
6562,Q8NET8
6583,Q13115
6587,Q9UHB6
6642,P17861
6650,P20339
6656,O15027
6683,Q15046
6708,O15525
6741,P27824
6753,Q86UC2
6789,P43364
6797,O43293
6807,P40429
6815,Q9UNH5
6818,Q9Y572
6819,Q8NB16
6820,P09622
6829,Q92918
6836,O75410
6841,Q8IU85
6842,Q16566
6846,Q14012
6857,Q9HAP2
6861,Q6ZN28
6880,P16471
6883,P41597
6884,O60885
6885,O60674
6888,O14543
6894,Q92888
6915,Q96CW1
6916,Q14677
6919,P07332
6922,P46459
6923,O95238
6934,Q9BWC9
6941,Q9BRK4
6945,P56817
6946,P51532
6960,P27707
6977,Q02880-2
6989,P53041
7020,O43312
7038,P06730
7045,Q9H6L5
7048,Q13555
7051,P29803
7055,O00444
7060,Q15468
7062,Q15154
7066,P61160
7070,Q969U6
7071,Q8TDX7
7073,Q96T49
7081,P36888
7084,Q9NTG7
7085,O75874
7086,P48735
7100,Q6ZN17
7102,Q03721
7107,Q9P2D0
7115,P14679
7120,P35548
7132,P28799
7142,O15519-2
7145,O95832
7159,O60488
7165,P53779-2
7172,P45983-2
7173,P53779
7179,O00329
7180,O75716
7183,Q9Y295
7184,P51114
7186,P19086
7188,Q13233
7189,Q99426
7190,P46108
7192,P50395
7204,Q15365
7206,P63167
7207,P40617
7209,P49703
7223,Q99661
7225,P36871
7228,Q13418
7264,Q9H1Y0
7280,Q92542
7319,P14672
7333,Q96N67
7336,O43157
7348,Q5VT25
7371,P17948
7378,P62258
7381,O43852
7422,Q9Y248
7423,Q8NEM0
7425,Q9UBU7
7426,Q9Y285
7432,Q14683
7433,Q8IX01
7442,Q03164
7445,Q7Z6Z7
7446,Q9NZN8
7453,P49591
7456,Q8TAQ2
7458,Q8N163
7463,Q8IUH4
7465,Q9UPV0
7468,Q9NVI1
7470,Q8WVB6
7475,O43543
7481,Q8IYD8
7485,Q9NZC9
7486,Q92831
7489,Q9H6E5
7491,Q96RU2
7509,Q9BUG6
7510,O94880
7512,Q8N4S0
7514,Q8IUQ4
7517,Q13098
7518,O43542
7522,O75717
7523,P49006
7524,P46379
7533,P07203
7534,O94851
7535,P17931
7541,O14818
7551,P34947
7552,Q8TDU6
7553,P50502
7570,P42338
7574,Q5TKA1
7590,Q16620
7628,Q13507
7631,Q14155
7636,Q7Z2E3
7648,Q9UJU6
7655,Q8N1K5
7715,Q9Y4H4
7746,O15084
7757,Q15058
7765,P17252
7767,Q7L9L4
7768,Q9H4B6
7770,Q9H8S9
7771,P51955
7790,Q9GZQ8
7802,P30622-2
7805,P51149
7816,Q96SN8
7827,P42681
7835,Q9HAW7
7837,O75689
7838,Q14145
7841,P04899
7850,P23975
7851,Q5JXC2
7861,Q16612
7872,Q86XR7
7884,O94925-3
7888,Q9BR76
7929,Q9BSJ6
7932,Q15637
7943,Q9BUL8
7950,P43268
7952,Q96P48
7959,Q13882
7970,P61371
7995,O60238
7996,O75143
7998,Q676U5
8001,P08237
8006,P06733
8008,Q8TDY2
8013,P58004
8021,Q9C0C7
8023,A2RUS2
8024,Q8NFG4
8028,Q15436
8035,Q9BSB4
8037,Q15437
8048,Q9Y6D9
8051,Q6ZNE5
8054,Q8NEB9
8059,Q99538
8065,Q99952
8072,P09038-2
8075,P41743
8077,Q08345
8079,Q96PY6
8080,Q9H8T0
8090,Q13049
8097,Q6UVJ0
8099,O95139
8103,Q14978
8105,P11171-2
8109,Q14135-4
8117,Q8IZD2
8118,Q7Z3J3
8122,Q01581
8127,Q8WUF5
8133,O95235
8143,P63279
8147,Q9HCH0
8148,Q13042
8149,O94782
8154,Q05D32
8160,P49915
8161,P33316-2
8162,Q5VWQ8-2
8163,O60701
8172,Q8WUX9
8174,Q9UI09
8175,Q08050
8177,P18754
8178,Q14807
8186,Q9H1A4
8199,Q8IX90
8200,O60610
8202,Q03188
8206,P42898
8211,Q9UPU5
8219,Q9Y2I6
8225,Q5BJF6-3
8229,Q93008
8234,Q16513
8241,Q9BQL6
8243,O00512
8245,Q9H410
8256,O75306
8268,Q69YH5
8269,Q9Y5N6
8276,P42695
8278,Q96JH7
8279,Q99666
8286,Q16512
8287,Q9H467
8289,Q07666
8293,Q9UJX2
8294,Q14CS0
8297,Q2M2I8
8301,O14715
8303,Q9NQR1
8311,Q15116
8315,Q8IWB6
8316,O60566
8318,Q9UJ70
8328,Q96C19
8329,P52948-2
8344,Q96T23
8350,Q96C36
8358,P35251
8361,Q2NKX8
8363,P49821
8370,Q9Y5T5
8371,O43683
8376,O00399
8379,Q8TF76
8399,P61020
8404,P20338
8408,Q8NFH8
8409,Q92963
8416,P30101
8421,Q96Q89
8422,Q9UGL1
8439,Q06830
8444,Q9NTI5
8452,Q9Y6I3
8460,Q02880
8462,Q9NZT2
8464,A6NKT7
8474,O43148
8478,Q09666
8479,P28066
8481,O15446
8483,P56181
8484,Q5FBB7
8490,Q5TB30
8492,O00443
8494,P43307
8505,Q8IY92
8508,O94762
8516,P0C1Z6
8523,Q96QE3
8528,Q03468
8529,P26368
8533,Q14739
8541,O15287
8550,Q01105
8551,Q9UJX5
8560,P22392
8561,Q9BTA9
8562,Q14157
8563,O75154
8569,O94901-9
8570,Q9NZI6
8572,P33316
8577,Q02363
8579,O75381
8592,O14773
8607,Q9UHD8-2
8608,Q8WWK9
8630,Q9UBF8
8632,Q9H4X1
8648,Q96PY5
8668,Q8N884
8678,P42166
8685,Q14244
8690,Q9NZH5
8706,O75170
8716,Q53HL2
8717,P27361-3
8755,P29692-2
8762,Q8TD19
8767,P33908
8776,Q13976-2
8787,P25705
8800,Q9HC52
8807,Q99801
8811,Q9UNQ0
8825,O60381
8827,P47756-1
8865,Q9BYT3
8869,O00401
8871,P28698
8877,O96013
8878,Q01196
8879,P18084
8884,P62826
8888,Q9NQT8
8890,Q7L804
8898,P46939
8900,Q6WKZ4-3
8901,Q8WUI4
8909,Q9H4P4
8918,P51608
8920,O60829
8921,Q92599
8923,Q15382
8927,O60229
8928,P25685
8935,Q8N8Z6
8942,O94875-2
8950,Q6ZUJ8
8959,Q9Y6N7
8961,P15498
8965,Q96PH1
8966,Q14192
8982,Q9UPY6
8988,Q9ULZ3
8992,P55317
9007,Q9UPN9
9013,O95433
9021,Q92731
9037,Q9Y3I0
9051,Q9C0H9-5
9052,Q13573
9056,Q96BN8
9064,Q14498
9068,P16333
9087,O60234
9102,Q86YV5
9116,O15269
9122,O94916
9147,P12532
9166,Q6IE81
9168,Q9NRF8
9171,Q9UDY8
9189,P62745
9206,P42892
9214,Q12968
9224,P35398
9231,Q9Y2W7
9248,O00257
9273,Q9P2Y5
9296,O14503
9313,P29590-3
9326,O60664
9330,Q99541
9333,O60673
9346,P61289
9367,P23560
9375,P21860
9382,Q08289-2
9384,P13688-8
9389,Q13557
9395,P04629-2
9397,P04629
9416,Q9BR39
9428,Q9H3Q1
9430,P48730
9438,P36542
9449,P16150
9458,Q9Y6H6
9466,P00749
9467,Q8N726
9468,Q9Y271
9469,P01589
9472,Q15172
9477,P08253
9479,P29972
9491,P25100
9494,P16144-2
9502,P01730
9503,P11234
9504,Q15311
9506,Q9BQE3
9509,Q05940
9521,Q13976
9524,P41180
9533,Q92681
9538,Q92686
9541,P35503
9547,Q9UKF7
9559,Q5NUL3-1
9563,Q8NF50
9565,Q8NFA2-3
9574,Q96RI1-2
9576,Q8N0W4
9588,P31146
9594,P41091
9597,Q12791
9602,O94759-3
9608,Q9C0K0
9609,P10721
9613,Q01954
9618,Q71U36
9623,P08567
9628,Q01959
9629,Q96QS3
9630,Q9NTW7
9634,Q96AX2
9640,Q92847
9654,O14493
9660,O95243
9673,Q9P286
9681,P16671
9693,P21359-2
9695,Q05193
9698,O94806
9703,Q9UNF0
9709,Q01826
9712,P21399
9717,Q96PY5-3
9738,P36897
9755,O95471
9768,Q14994
9771,Q8N5J4
9774,P49802
9775,O43526
9780,P81274
9781,P11309-2
9788,Q96MS0
9798,P13726
9810,Q15858-3
9816,P10599
9818,P45379
9820,Q86UX7
9825,O75144
9843,P09693
9852,P43119
9863,Q01995
9866,O94901
9877,Q9HAN9
9880,P14416
9895,Q9BSQ5
9935,P19532
9939,Q9NS64
9963,Q03431
9977,P78324
9990,Q92630
10015,Q9P1Z0
10016,P57682
10053,O15297
10073,Q9UBP0
10096,O15553
10128,Q8IWT6
10149,Q9BYX4
10152,O94913
10155,O95747
10169,O95382
10180,P09493
10196,P35670
10202,O60602
10203,O75628
10214,Q9UBF8-2
10215,Q9Y3E5
10216,Q9BST9-2
10221,Q13671
10225,P30559
10232,O00206
10244,Q15276
10245,P16220-1
10256,P53367
10258,A6ND36
10261,P02686-5
10269,P22059
10275,P68363
10276,P26045
10281,O43318
10284,Q99959
10287,P14625
10290,P62820
10291,P61006
10293,P49005
10296,P07437
10299,Q6P589
10307,Q5SQI0
10315,Q13239
10333,Q9H3R0
10350,Q96QT4
10367,P28289
10421,P07947
10427,P12814
10433,P23634-6
10435,O75962
10440,O75508
10450,Q9Y3D6
10478,Q15078
10484,Q9BV73
10491,Q15349
10495,P11216
10496,Q6PHR2
10501,Q86YD1
10521,P61026
10525,O75061
10561,P62280
10576,Q9P2J5
10584,Q9NPG1
10588,P62841
10612,O15119
10631,Q9Y5X2
10639,P52655
10641,Q15545
10647,Q9HB90
10648,Q9HBH9
10650,Q9H8M2
10651,Q641Q2
10655,Q8IYB3
10656,Q9H4L4
10659,P51397
10665,Q96F24
10667,O95163
10672,Q96RG2
10683,Q9Y6W6
10686,Q8N1F8
10688,Q9H063
10689,Q9Y2J4
10698,P00441
10703,P55199
10714,Q9NQG5
10720,Q86TB9
10725,O96018
10727,Q8NHG8
10731,Q9H1K1
10747,Q8TBX8
10751,Q5T4S7
10752,Q9H714
10754,P23443-2
10756,Q9H5H4
10797,P55081
10812,O75475
10829,Q8N264
10839,P61587
10860,Q9UPT6
10861,Q14160
10879,O60237
10899,Q16611
10905,Q96T51
10915,P02511
10934,Q15599
10940,P20823
10947,Q52LA3
10951,P10916
10953,O75116
10954,Q99962
10962,Q92673
10979,P20963
10988,Q9NP31
10990,Q7Z6A9
10994,Q13444
11020,Q9H204
11022,Q9BWW4
11023,P20138
11044,Q9P0U3
11046,P24666
11082,Q7L7X3
11091,Q15300
11106,P32929
11117,O96019
11180,O14519
11197,Q12933
11227,Q9UJV9
11232,P15172
11234,P37198
11245,P53778
11273,P45983-3
11287,Q9HBY8-1
11290,Q05513
11297,Q9Y243
11312,Q96BR1
11323,Q9Y3F4
11328,Q969S3
11334,P46734
11336,P52564
11358,Q9BWF3
11375,Q14814
11381,Q9BQA1
11396,Q92830
11437,O43791
11447,Q8IX12
11453,P08575
11488,Q13155
11497,Q8WYK2
11506,P21462
11507,Q9UBK2
11521,Q9UK80
11535,P06702
11541,P42566
11573,O43684
11580,Q8TE85
11582,Q06330
11593,P13473
11595,Q9C026-5
11597,O15198
11602,O43257
11609,P18850
11616,Q99958
11621,P78356
11622,Q9P2R7
11643,P21397
11653,P42574
11676,Q15075
11696,Q9H1K0
11730,Q99558
11748,Q86VP1-2
11757,Q9BUZ4
11779,Q9NQB0
11803,O14638
11817,P60981
11820,O15264
11830,P35520
11840,Q13507-3
11843,P41220
11849,P48995
11850,Q76M96
11885,P49841-2
11894,Q8IYM1
11902,Q96S94
11918,Q13627
11941,Q9UBW7
11963,P24752
11965,P51956
11966,O95721
11973,O60563
11976,Q96BK5
11980,O95613
11991,Q8NG31-2
11993,Q7L2Z9
11998,Q12834
12004,Q8N4N8
12011,Q9NS56
12014,O43474
12022,Q9UJX3
12024,Q76N32
12025,Q15435
12033,Q6IBW4
12047,AAC50053
12048,Q9Y2T1
12049,O60216
12053,Q92994
12056,Q9H6R7
12062,Q15022
12066,Q71F23
12076,Q17RH5
12079,Q9Y265
12087,Q9Y266
12091,Q2M2Z5
12113,Q9NSG2
12130,O00139
12142,Q8TCG1
12147,Q9NYZ3
12153,Q3KR16
12155,Q9H2D6-5
12174,Q9BQQ3
12178,Q9UBB4
12201,Q8TEP8
12202,Q99640
12225,O95425
12241,Q9Y2Z0
12248,P30626
12262,P13693
12268,Q15013
12315,P50406
12316,P47989
12322,Q16643
12326,NP_001184222
12338,Q8IV63
12347,P08908
12355,Q16643-3
12356,O43602
12370,Q9Y490
12373,Q8NEZ5
12379,Q15833
12395,Q13136
12396,Q8IWU2
12398,Q13794
12399,Q8IWR1
12423,Q96KR7
12428,P27695
12434,Q9UKV5
12444,P04156
12449,O15169
12457,Q99719-2
12471,Q03167
12479,Q8NEM2
12481,O95229
12483,Q99879
12485,Q93079
12487,P58876
12490,Q6DN03
12492,P35659
12495,Q17R91
12500,P62807
12503,Q53SF7
12504,Q8NEY8
12508,Q08J23
12519,P46778
12524,Q9H788
12525,Q8NG31
12528,Q99877
12530,Q8WYJ6
12532,P46783
12534,P05204
12535,Q9Y2R4
12539,Q6DRA6
12540,Q5T5U3
12542,P45973
12562,P62917
12565,Q9NYP9
12568,Q9NP77
12578,Q9NQZ2
12583,Q8TE77
12585,O76021
12589,P98179
12593,Q96K21
12597,P23527
12613,Q02241-2
12614,Q9H6F5
12616,Q16778
12628,Q96CF2
12631,O60814
12639,Q8IVT2
12646,Q9P227
12649,Q6NZI2
12650,Q9Y5B9
12676,Q9BW61
12679,O00566
12685,Q92995
12686,O15523
12690,Q96E39
12691,Q9NRM6
12694,P25101
12699,P08172
12702,Q9Y5X5
12705,O95398-3
12717,P35346
12719,Q96A54
12750,P09497
12769,Q9UIK4
12776,P24723
12793,P20794
12796,P62873
12807,P53367-2
12810,Q99828
12824,O15079-2
12827,Q9ULA0-2
12829,Q05519
12832,O95831
12834,O95551
12836,O14936
12837,P58400-1
12841,P22607
12849,Q9UPZ9
12867,Q9UHP3
12870,Q96EV8
12893,Q01955
12897,Q14679
12901,Q9UL54
12929,P32298
12957,P54753
12960,P56211-2
12961,Q9Y5U4
12984,P41145
12999,P43246
13010,P52333
13036,Q96AP0
13040,Q9HC35
13055,P18074
13095,P54764
13097,P36959
13101,P05771
13168,Q12866
13173,Q9BY11
13191,Q9BX84
13274,O60828
13277,P61981
13283,P34972
13294,O75460
13302,P51659
13304,Q587J8
13309,Q7LG56
13322,O15164
13336,P23919
13337,O75150
13339,O15355
13340,Q9NQS1
13341,O00255-2
13350,Q9UMS4
13352,P15374
13353,Q96S59
13367,P37275
13373,Q969R5
13374,Q8IW19
13383,Q14161
13387,Q8WVD3
13397,Q15910-2
13399,Q70CQ2
13404,Q92499
13417,Q03111
13418,Q9HAU4
13422,Q9HB75
13430,Q15109
13439,Q14526
13444,O94874
13459,Q9H2K8
13462,Q96J02-2
13464,Q6PCD5
13465,Q9UQR1
13468,Q9NS23
13470,Q6UWZ7
13483,Q8NHY2
13486,Q5VTR2
13492,Q8TAQ5
13500,O43670
13505,Q8N680
13515,Q9BUR4
13520,P11166
13521,Q9Y4E8
13522,Q4G0J3
13528,Q14190
13535,Q9H7Z6
13539,Q92878
13551,Q9NZM5
13564,O43504
13584,Q504Q3
13591,Q86U86
13594,Q9NRR5
13600,P50542
13616,P38646
13620,Q96PE2
13671,Q96E14
13678,P02810
13681,Q13451
13682,Q9H3Y6
13702,Q8IZJ1
13716,P17301
13725,Q9NP80
13735,Q9GZV9
13736,P07237
13737,P02765
13738,Q8IXL6
13739,Q8NBP7
13740,P04275
13741,P23327
13742,Q16549
13743,Q96HE7
13760,Q8N137
13768,Q96CN5
13771,Q99501
13778,P36873
13800,P49757-3
13801,Q15831-2
13802,O43315
13811,O43175
13812,Q8N2W9
13819,P09429
13826,P55040
13847,Q6STE5
13858,Q9UJZ1
13863,Q15466
13893,Q8IVH8
13898,P21127-12
13899,O43541
13906,P27987
13909,P55055
13925,P61964
13930,Q9HC98
13933,Q04917
13935,Q86VE9
13938,P48163
13956,Q96JJ3
13984,Q9UM73
13985,Q9H9T3
13989,P31939
13999,Q8TD08
14011,Q7L0J3
14014,Q9Y592
14021,Q9NWZ3
14052,Q9UN86
14065,Q9NYL2
14069,P31260
14070,Q9Y6R4
14074,P55212
