,IDB
0,P05455
2,P43354
3,P56945
4,P41182
7,Q02078
8,Q9UQL6
9,P51398
11,P07814
12,O75581
13,P40763
14,P28482
15,O00401
16,P78347
17,P54646
18,Q01094
19,P00441
20,Q9H6Z4
21,P43364
23,P16949
24,Q12778
27,P09619
28,Q13480
29,P22736
30,P56817
31,P05198
32,Q14847
33,Q5JQC9
34,P19447
35,O43524
36,P20393
38,P35222
40,Q16539
41,Q9HAV4
42,P51617
43,Q15788
46,P30260
47,P37173
48,Q9H0H5
49,P51168
51,O43561
52,Q6P1M3
53,Q9BZL6
54,Q9H2G2
55,Q05397
56,Q15637
57,Q96PX8
59,O15519
62,Q14676
63,P19429
64,P84022
65,Q13813
66,P27816
67,P35670
68,P29474
69,Q8IWV1
71,Q9UJU2
72,O15151
73,P04792
75,P51681
77,P41236
78,Q9HBA0
79,Q9UBS0
83,P38936
84,P46527
85,O95997
87,P00519
88,O43521
89,P41180
93,P10644
94,Q07617
95,P12931
99,Q9H3D4
100,Q92974
101,P29350
102,Q9GZV5
106,P17948
107,Q9H257
108,Q53EZ4
109,P30411
111,Q9BUB5
112,P36507
113,P24928
114,P21673
115,Q13541
116,O00311
117,Q92934
119,O75461
120,Q13972
121,Q16820
122,P42681
124,Q13835
126,Q8N264
127,Q15831
131,P31947
133,P08913
134,P04637
135,Q9Y5X2
138,Q9UJY1
139,P12270
140,P04049
142,O75955
144,P24864
145,P61764
147,P51812
149,Q96RD7
151,Q9H1K0
152,P08559
153,P10636
154,P04083
155,P43403
157,P30307
160,P41212
162,Q96RR4
163,P23396
164,P18669
165,P54753
167,P29597
168,Q06481
170,P02730
171,P54253
174,P52735
175,P35568
176,Q16625
178,P08100
181,P15336
184,P30291
185,Q8NFA2
188,Q02447
190,Q96EB6
191,Q13094
192,Q8NE71
193,Q12968
194,Q16658
195,P16220
197,Q96S44
199,P24844
203,Q13200
206,Q15058
207,P02686
208,O60674
212,Q04759
214,Q13188
216,Q99962
217,P35228
219,Q15027
220,O14974
221,P23443
222,P06493
223,O14828
224,P52209
225,P51955
227,P15056
228,P33316-2
229,O75150
230,P42224
231,Q9NQC7
232,P12318
235,Q15746
237,P29966
238,P07949
239,Q9Y6K1
240,Q8NHW3
241,O60343
242,O75144
243,O15266
244,P19419
245,Q9NSC5
248,Q14683
250,Q16620
257,P41970
259,P84243
260,Q14524
263,O15084
266,Q9Y2V2
267,Q9UNN5
268,P52655
270,Q92915
272,P53602
273,Q08050
274,Q96B36
275,Q13393
280,P29401
281,P29353
282,P52333
285,Q01105-2
286,Q96KB5
287,P29375
288,O94916
289,P06400
292,P06733
293,P05107
297,P04626
299,P46108
300,Q7L2Z9
301,Q02790
302,O14958
305,P01106
308,O60825
311,Q15139
312,Q9Y6Q9
313,P11836
314,Q9BXL7
315,Q14674
316,Q96NW7
317,O14492
318,P19793
319,P08069
321,P52948
326,P49841
328,P51674
329,O00213
330,O60716
331,P13807
332,Q9UGP8
333,Q08945
335,Q13177
337,Q15633
339,Q9UBS5
340,Q8IZQ8
342,P29590
343,Q8N4X5
345,Q96BR1
349,Q99759
351,Q15078
353,O14874
354,P49459
355,O43353
357,Q08379
358,Q13507
359,P03372
364,Q14653
366,P14784
368,Q13586
370,Q01082
372,P04198
373,Q9Y613
379,Q15080
381,Q13882
382,Q6UUV9
383,Q9BXW9
386,Q86UR1
390,P61289
391,P32119
392,O14920
393,O75444
396,P05067
401,Q8NHV4
402,Q15672
403,Q13936
404,Q9H5V8
405,P23025
406,Q13153
408,Q96PH1
412,Q12879
413,P15923
414,Q9NPH5
416,Q92945
417,P63096
418,O15273
420,P49736
422,P55211
423,P06213
424,Q13163
425,P49790
430,Q05655
434,P23508
435,P48167
439,P22001
440,Q13043
441,P08575
443,Q96GX5
444,P36888
445,P0DP23
452,P07947
453,P08727
458,Q8IX03
459,P38398
460,P36544
461,Q14940
463,O00170
464,Q9Y6N7
465,P46531
466,P18846
467,P06401
468,Q15797
472,Q9UEW8
475,Q07889
476,O43586
477,P56645
484,P15498
492,P45984
493,Q9BR76
495,P35240
496,O43426
497,Q5FBB7
498,Q13542
499,P15531
500,Q13131
501,P18887
502,P22681
503,P27361
504,Q9UPN3
505,Q9HBH9
507,Q96FF9
508,Q8TDD2
509,P11217
510,P16885
514,Q8N122
515,Q14247
518,Q9HAT8
521,P19484
522,P37198
524,O15355
525,Q16595
528,O15554
529,P12694
530,O60239
531,Q8TEW0
535,P49023
537,Q9Y4K3
538,O15530
543,Q01196
544,Q99708
547,Q9BR01
549,O75385
552,P08047
553,Q92917
554,Q9BYE7
560,Q03721
561,Q12959
562,P35367
563,Q13322
564,Q96RI1
565,P33981
571,P35236
578,P21730
583,P49427
584,Q12913
585,Q8WV28
586,Q92952
587,P53396
589,P09874
590,Q06609
591,P32004
592,Q9UPZ9
593,P15927
596,P67809
598,Q03060
602,Q00653
603,O00141
604,Q96LC7
605,P04040
607,Q96A00
608,Q13158
610,Q8NB16
612,Q05193
613,Q06413
620,P19838
621,O15264
623,Q9NYV6
627,Q12972
628,P23458
629,P25963
631,P04150
633,Q14469
636,P31645
637,Q02750
638,Q9NYL2
640,Q99741
641,O75676
642,P05412
643,Q9UJU6
645,Q8N5B7
646,O14559
649,P23528
650,Q12888
655,Q9UGI9
656,Q99683
657,P10415
658,P49137
660,Q06124
661,Q9Y478
662,Q00987
665,P11388
666,Q9Y4H2
669,P06730
673,Q8TF76
674,P07910
678,Q8NG66
683,O95863
684,P04629
685,Q9HB96
688,Q9NZC7
689,P30304
693,Q99661
695,Q5XUX0
697,Q14207
698,Q86UC2
699,Q969T9
701,P09629
702,Q01167
705,Q14896
707,P28329
709,Q9UPT6
710,Q9P2D0
711,P06239
712,P19086
714,P08631
717,Q96QS3
718,P11802
719,P07550
720,Q15366
722,P52630
729,P98177
730,P98170
731,O14950
732,P29317
733,P47712
734,P00558
735,P51587
736,Q53ET0
738,O60381
741,P54252
743,P12036
744,P07101
745,P14598
747,P13349
749,P07203
750,Q15796
753,Q16659
755,P42768
758,P11831
759,P09917
762,P23769
763,Q9UQ13
765,P08670
767,P12814
768,Q15306
773,Q96RT7
774,P46940
776,P24046
777,Q05682
785,Q9UQF2
786,P05771
791,Q06187
792,P15036
793,Q07869
796,Q9H1E3
798,Q12933
801,P0C0S8
802,Q04760
803,Q8N3F0
807,P35372
808,Q13976
816,P68400
817,Q03393
821,Q8NHY2
823,Q9Y5B0
824,Q13428
826,P05106
828,O75449
836,Q14814
837,P52564
839,Q08999
840,P46019
841,P17302
842,Q6PKG0
845,P60484
846,Q13309
847,P06241
849,P11912
853,P12272
854,P56270
859,Q9H2X6
860,Q15750
861,P50402
863,Q8IZP0
864,Q86X55
865,Q14106
869,P14923
878,P52757
880,P27986
885,Q9UIG0
886,Q9NQB0
888,P45983
890,Q13144
891,P14921
892,P60880
894,O14757
899,P07195
901,P14136
905,Q99558
906,P11362
908,Q5BJF6
909,P56181
910,O43432
911,P49916
917,Q9Y3E5
921,P15391
922,Q92558
923,P02810
926,Q14164
927,Q13485
930,P51003
935,Q8IVT5
941,P49674
943,Q12929
946,Q04206
953,P28562
954,Q01860
955,P50552
956,Q5JR12
960,Q09666
961,Q16512
963,Q00839
965,Q92686
966,P10276
967,Q9UPY6
969,P31946
971,Q9UBB4
975,P43629
983,P49768
984,Q8IYJ3
986,P60981
991,P10636-2
996,O15524
1001,Q9UBN7
1003,P18848
1006,P61978
1007,O95786
1009,P53671
1010,Q9BVS4
1015,Q13045
1018,P61073
1022,E9PAV3
1025,P27448
1030,P19525
1031,Q9H8V3
1033,Q96J92
1038,Q14934
1041,P17661
1044,P02545
1046,Q9H063
1048,P51956
1051,P61586
1052,P48067-2
1054,Q9NQS7
1057,Q6R327
1058,Q12834
1063,Q96RU2
1069,P46937
1070,O96004
1073,O60341
1078,Q8IVM0
1082,P17812
1086,P04183
1087,P29322
1088,P10244
1095,Q8WUI4
1098,Q07820
1100,Q9H8Y8
1101,P49792
1102,Q5JVS0
1103,P0DP24
1105,Q6JBY9
1106,Q14449
1107,Q00613
1109,P26651
1111,P30305
1114,P53004
1116,Q9Y4R8
1122,Q92529-2
1126,Q15398
1132,O95163
1137,Q96P48
1138,Q15942
1140,P62753
1146,Q9ULW0
1147,P45985
1148,O00418
1153,O14519
1154,Q01892
1158,Q8TB45
1159,P18754
1160,P07900
1162,O14939
1163,P49917
1164,P35869
1168,P36897
1170,Q93045
1172,P31749
1174,Q9Y2I6
1175,P55957
1176,O75914
1178,Q9UN36
1179,C9JLW8
1180,Q99704
1183,Q8WYL5
1186,O95271
1188,P38484
1191,P01100
1194,P42684
1196,Q16566
1201,Q92688
1205,Q13009
1209,P16104
1210,Q96QB1
1213,P68431
1216,P11274
1220,Q9BSI4
1222,P16144
1224,P22392
1226,P09211
1227,O14733
1232,O95816
1235,O15055
1237,Q92597
1242,Q9H9Q4
1247,P10275
1248,P08581
1251,P10721
1255,Q13546
1256,P31431
1257,Q05940
1261,P52732
1265,Q9BQG0
1267,Q9UQD0
1268,P54764
1269,P06396
1274,P28698
1276,P33778
1277,Q9C0C7
1279,P46060
1283,Q9Y2N7
1286,O00429
1288,P53805
1292,P48730
1296,O43303
1298,Q8TDQ1
1301,P48436
1303,A6ND36
1304,Q9UQQ2
1306,P12830
1308,Q13621
1309,Q13651
1311,Q9NQ66
1312,P31350
1318,O43516
1323,Q9HC77
1325,O43683
1329,P57059
1330,Q16665
1331,Q13409
1332,P46937-3
1333,P21462
1334,Q92844
1335,Q9Y237
1337,P35503
1340,Q9Y6A5
1341,O43602
1342,O75582
1347,P11137
1349,P98082
1350,Q16584
1352,P18031
1354,Q05195
1355,Q07912
1358,P32245
1359,Q04724
1361,Q09472
1362,Q92598
1363,O75143
1368,Q14103
1369,P51692
1370,P16284
1374,Q6Y7W6
1375,O60266
1376,Q9UQ80
1380,P04439
1382,Q9Y4C1
1384,P13726
1385,P36896
1392,P48736
1396,P23327
1398,A2RUS2
1404,P56962
1412,P08235
1414,P05783
1417,Q9P1Z0
1420,P31995
1422,Q9H4A6
1423,Q16695
1427,Q92905
1429,O14641
1438,P08034
1446,Q9BXA7
1450,P21731-2
1453,P23511
1456,P23246
1461,O15360
1470,P53350
1471,P59047
1472,Q9Y3Z3
1475,O75874
1476,Q96Q27
1478,P19174
1479,Q7KZI7
1483,O95251
1484,Q8WXE1
1490,Q03135
1491,Q13568
1494,P35900
1497,Q13671
1501,Q15075
1502,P55011
1512,P17947
1513,P22314
1517,Q00535
1524,Q969R2
1525,O75531
1526,Q9NS23
1527,O94901
1528,P23743
1536,Q13698
1537,P41220
1538,Q14191
1540,Q9UHB6
1541,Q9BXF6
1550,Q9Y2Y9
1552,P32121
1555,Q13133
1556,Q01726
1560,Q96SB4
1561,P49959
1569,P51452
1581,Q9Y446
1582,Q8N884
1585,Q13507-3
1588,O14744
1593,Q9H4E7
1594,Q7LG56
1599,Q9Y266
1601,Q9NQU5
1602,Q9Y6H5
1603,O60711
1611,P62826
1613,Q99801
1619,P49795
1623,P05114
1626,Q70E73
1632,Q92918
1633,Q9H204
1636,Q9UHD2
1645,P17600
1646,Q14432
1649,O00562
1652,Q96R06
1653,Q15438
1654,Q86T82
1655,P29803
1656,Q969V6
1657,Q14680
1661,O75689
1664,Q13371
1677,P29692
1679,Q9UQR1
1681,O43312
1686,Q9NVD7
1693,P54132
1697,Q13224
1698,P56524
1699,Q16828
1701,Q16143
1702,P41594
1703,Q92556
1708,P48048
1712,Q13164
1714,O60566
1715,P06127
1719,P05787
1727,Q13261
1728,Q15418
1732,P51608
1734,O60934
1743,P37840
1746,O94925
1747,P55042
1750,Q99990
1753,Q9Y572
1754,O14777
1755,Q92786
1756,P53801
1758,Q13042
1761,P24385
1768,P10242
1772,Q8N163
1775,Q8NFH8
1777,P49815
1782,Q13422
1788,P16070
1792,P11234
1795,Q8IV63
1797,P24941
1802,Q05469
1805,Q9BSJ6
1807,P13569
1808,Q96PM5
1814,O95239
1816,P46734
1817,Q8IWU2
1818,Q13535
1820,Q7L9L4
1822,P17535
1824,P61026
1826,P53779
1828,Q99640
1829,P63244
1831,P35579
1833,O75716
1836,P49418
1837,Q9GZY6
1838,P19235
1846,O95139
1847,Q92574
1852,Q9BRV8
1853,Q6N021
1856,Q9UPU5
1862,P42229
1866,Q8N6F7
1868,Q13085
1870,O00750
1872,Q96QF0
1874,P11413
1879,Q9Y6K9
1885,Q9NRY4
1906,Q9UQM7
1914,Q5TZA2
1915,O96017
1919,P00533
1920,O43464
1933,Q01970
1935,P22674
1936,P06737
1942,O95644
1945,Q6UWZ7
1947,Q9GZV1
1949,Q3V6T2
1951,O94782
1952,Q8NER1
1953,Q9NRM7
1954,Q13501
1957,Q15013
1962,Q8TD08
1968,P51790
1969,Q8TEM1
1970,Q96RK0
1972,Q96BK5
1980,O15117
1981,O95297
1983,Q8NEL9
1992,O75943
1993,P48681
1998,Q9UD71
2000,P35368
2001,P20936
2003,P51813
2005,P42858
2009,P17542
2010,Q14005
2013,Q6IE81
2017,Q99638
2020,P30622
2021,O95835
2022,P42575
2023,Q16623
2024,P43686
2028,P26367
2030,Q9Y2K2
2036,P35611
2043,Q8NEV4
2047,Q96FA3
2054,P49840
2059,Q9Y570
2060,Q86UR5
2063,O96013
2071,Q02156
2075,O15162
2077,A8MYZ6
2082,Q96P31
2083,Q8TD19
2085,P20749
2090,P36871
2091,O75925
2092,P33991
2095,P42771
2096,Q9BXS6
2098,Q96MT3
2100,O95551
2102,P19022
2107,Q9BYX4
2108,Q12906
2113,Q9NS56
2118,Q7Z6G8
2121,Q14195
2126,Q9UN19
2132,O94874
2135,O75533
2138,O43255
2142,Q92569
2146,Q07666
2147,Q6SZW1
2148,O75807
2152,Q8NG31
2153,P35613-2
2161,Q99626
2162,Q9UK17
2163,O60506
2164,Q9ULZ2
2179,P14317
2184,Q15311
2189,Q9UNQ0
2193,Q01974
2201,P23258
2204,P07954
2207,Q96EP5
2212,Q9GZM8
2218,P14859
2221,O00257
2225,P04004
2228,P20916
2231,Q9H4A3
2233,P81274
2236,P00451
2237,Q53H47
2238,Q9GZQ8
2239,Q9BVI0
2240,P49757
2241,Q92878
2245,Q9Y5S9
2248,P50219
2252,Q9NRA0
2258,P63000
2261,Q14643
2271,O75030
2274,P40429
2276,Q14790
2280,Q6PGQ7
2281,P11387
2286,Q9UHP3
2287,Q8TCJ0
2290,P17181
2291,Q9Y2X9
2295,Q92630
2302,P49116
2308,Q03468
2311,P35226
2313,Q01844
2315,Q13363
2317,Q7RTN6
2321,Q14872
2322,O15297
2323,Q13424
2325,P35251
2338,P19438
2339,P13639
2345,P13051
2347,Q9BZI1
2349,O15350
2350,P35270
2358,P63104
2365,P56537
2371,P51170
2385,Q7Z3C6
2398,P29374
2405,Q03112
2406,P56211
2410,O95229
2411,P25054
2416,Q9UKX7
2419,P35638
2420,P20823
2421,Q13554
2422,Q13530
2427,O95865
2428,Q92793
2431,O75553
2437,P34972
2442,O15198
2444,Q8IYT8
2448,Q92570
2451,P31751
2454,O15492
2455,Q9NQR1
2461,P10747
2466,Q9NZJ5
2468,P09327
2474,Q99798
2484,Q70Z35
2489,Q9NWZ3
2490,Q8IU85
2491,Q9Y4P1
2492,Q9Y281
2504,Q15910
2516,Q96CG3
2519,P22607
2521,Q9UNN4
2524,Q9NVP2
2526,Q9H765
2529,Q8TDN4
2534,P60891
2546,A8K4G0
2556,O95630
2559,Q9UBK2
2561,P17252
2566,P16410
2567,P42680
2568,P30419
2571,Q07812
2580,Q9H0K1
2583,P13631
2596,P55072
2597,P17813
2610,O94761
2611,Q9NZQ7
2612,O00267
2615,Q9BRS2
2618,P55087
2620,Q9NP71
2625,Q15022
2626,Q9Y261
2635,Q9NXR1
2638,P23588
2641,Q13291
2642,P25205
2647,Q86U44
2652,Q99961
2654,Q9UGI0
2658,O94811
2659,Q9UER7
2662,P11717
2668,O15516
2672,Q92538
2683,O60331
2687,P42345
2691,O43251
2696,Q9NZQ3
2698,Q9NQT8
2701,Q96I25
2702,P21127
2705,O00716
2710,Q15717
2712,Q9Y253
2722,Q9UPT5
2723,Q13362
2728,P10071
2732,Q07343-2
2741,P20248
2742,O14965
2743,Q06210
2744,Q14694
2745,P41235
2749,P48751
2750,Q9NP77
2752,Q16873
2755,P18858
2756,P35916
2758,Q08499
2767,P25490
2770,P05023
2772,Q13470
2773,O15169
2775,Q16236
2777,A1X283
2781,P49450
2787,P18084
2791,Q14134
2792,Q5S007
2794,O60260
2795,P19634
2796,Q9H9Z2
2799,Q96LC9
2820,P06748
2833,Q8WUF5
2836,O75170
2839,Q13444
2842,Q99835
2843,P53041
2851,Q9BZK7
2853,Q00610
2856,P27708
2857,Q7L0Q8
2862,P78527
2865,Q9UQC2
2875,P39748
2877,P48058
2879,P25098
2883,Q96SD1
2892,P09493
2902,P42338
2903,Q8TDC3
2905,Q5TCZ1
2912,P56178
2939,P41208
2941,Q15722
2943,P34947
2946,P17096
2951,P07108
2952,P62136
2955,Q16555
2960,P20810
2972,P41143
2973,Q06830
2982,P50616
2983,P55017
2989,P34931
2993,Q13351
3004,Q9NRH2
3005,Q68CZ2
3007,Q9Y243
3009,P52907
3014,Q9Y6X9
3017,P16234
3018,P27815
3022,Q07352
3023,P67870
3033,P35659
3035,P15311
3036,O15553
3038,Q8IVP5
3040,Q15835
3044,P31146
3049,P85298
3059,O14986
3072,P11473
3078,Q05586
3079,Q13563
3082,O95999
3085,Q8IW41
3086,P35790
3092,Q8WX93
3095,Q9BXH1
3098,P09758
3101,Q9NQG5
3103,P61006
3112,P53667
3114,P41240
3116,P51911
3118,Q02548
3126,P17931
3130,Q14185
3131,P10914
3134,Q86VB7
3137,P18206
3139,Q14155
3141,Q9UGK3
3145,Q14118
3154,P07333
3155,P54762
3157,O96028
3158,P06744
3174,Q9NZ72
3188,Q15653
3194,P49810
3196,P60983
3204,Q9BUL8
3205,P09497
3215,P57073
3218,P17480
3227,P25788
3232,Q9UHW9
3240,Q15208
3242,O96001
3255,Q9UBU7
3267,Q92769
3269,Q9BZS1
3278,Q08499-2
3282,Q6UVK1
3287,P08138
3288,Q13233
3289,Q96D31
3293,P42262
3296,Q00587
3301,P20941
3304,P14635
3309,Q16612
3314,P50542
3319,Q9BQQ3
3324,P36873
3330,Q14596
3342,Q12800
3344,Q13017
3346,Q99623
3348,P55210
3350,Q3KR16
3352,O14503
3356,O95140
3361,Q93008
3363,Q96PD2
3368,Q8TA86
3373,P78362
3375,P49715
3379,Q9NPB6
3383,Q99250
3388,P07355
3391,P49802
3402,Q2M1Z3
3405,Q49MG5
3409,P37231
3411,Q53HL2
3418,O95747
3421,Q92993
3424,Q9Y365
3425,Q9Y6W5
3434,P53355
3442,Q16513
3449,O60237
3451,O95453
3459,O60479
3460,Q9GZY8
3463,Q96KS0
3465,Q969H4
3469,O14640
3471,P36776
3478,P17844
3482,P50549
3485,P07332
3498,P04406
3505,P08151
3507,Q13315
3509,P42336
3515,Q9Y2T7
3516,Q99418
3518,Q8TEA8
3520,Q14863
3541,Q8N392
3542,Q96PU5
3544,P49407
3546,P14618
3550,P27540
3551,Q8IXJ6
3569,O15304
3577,Q99986
3581,Q9UHR4
3583,P15172
3589,P35580
3593,P01116
3603,P68104
3611,Q16204
3612,Q15382
3613,Q96PN8
3618,O60285
3619,Q96BF3
3622,Q96JH7
3625,P22059
3627,O43865
3640,Q14494
3644,P35612
3648,Q02880
3651,Q13574
3653,Q04656
3654,Q9H0D6
3666,P19105
3676,P18146
3681,P07948
3683,Q07866
3687,Q04864
3688,Q14012
3699,Q969H0
3701,Q6U7Q0
3702,Q38SD2
3709,P10070
3715,O75410
3716,O15033
3728,P51636
3731,Q9NZH5
3739,P55273
3740,P42702
3751,Q9Y448
3753,P33076
3766,Q53EL6
3768,Q13239
3769,O14737
3774,Q9BY84
3777,P32754
3779,P10636-4
3785,O15111
3788,P20700
3790,Q14315
3792,P19404
3794,P41743
3798,Q9BX84
3804,P17676
3805,Q8IUX7
3817,Q9UI09
3834,Q92466
3854,O75604
3862,P30559
3865,Q9H6L5
3875,Q08881
3876,P49321
3877,O43490
3880,Q05209
3881,Q12791
3889,Q12772
3892,Q07954
3900,P52565
3902,P16615
3903,Q86WV6
3906,O14818
3909,P12755
3910,P35241
3914,O14745
3925,Q92900
3929,Q8N8S7
3930,P24752
3931,P26038
3939,P11308
3948,Q92888
3951,Q9Y624
3952,O43623
3959,Q6NUN9
3970,Q13950
3973,O43896
3975,Q8WV24
3980,Q8IVH8
3983,Q9HBY8
3984,O14746
3994,Q14CS0
3997,P10916
3999,O14522
4006,P15941
4014,Q6P589
4016,Q9Y618
4031,Q99684
4038,Q8TAP9
4039,P08567
4040,Q9Y5S8
4041,O14649
4044,O43318
4050,Q13522
4053,Q92830
4056,Q9UQE7
4058,Q8IUQ4
4064,Q9NWQ8
4066,Q9UPP1
4070,Q14686
4072,P36956
4076,O75886
4079,P17405
4080,Q92823
4082,P78536
4094,P05976
4096,Q9NYY3
4101,Q9P0L9
4102,P22460
4109,Q13049
4123,P45973
4124,P17706
4125,Q9H093
4131,Q15569
4142,Q9BTA9
4160,P15260
4163,P0DP25
4168,P48735
4178,P00352
4183,Q9ULH1
4185,O00571
4193,P62745
4201,O60504
4203,P40189
4204,Q13905
4209,Q9Y484
4218,P31040
4223,O15294
4226,P29320
4228,Q7Z699
4229,Q9UJX2
4239,Q86XR7
4242,P62491
4247,Q96PV0
4254,Q96PY6
4258,Q71F23
4261,P39880
4273,Q13769
4274,P55010
4279,O60936
4298,Q9Y2Z0
4304,P35398
4305,Q9Y6I3
4306,Q15596
4316,Q9Y5Q3
4317,P08237
4319,Q7Z6J0
4327,P46777
4328,Q16763
4332,Q9BPU6
4338,P10586
4341,Q9Y6G9
4352,P34741
4355,Q13547
4359,Q6PHR2
4378,P22415
4382,Q16875
4384,P23677
4390,O43150
4410,Q8IWB6
4439,Q969S3
4450,Q9H9S0
4463,Q8WVD3
4473,P40337
4488,Q13148
4493,Q14258
4497,P21860
4502,O95180
4513,O43294
4525,Q13469
4529,P51397
4531,Q9UKV8
4535,Q96AP0
4538,O75379
4539,Q9UKV0
4540,Q02535
4571,Q9HAW4
4576,P52945
4587,Q14739
4589,Q86UX7
4597,Q8N2H9
4606,P05204
4608,P78371
4614,O14654
4618,Q9UKW4
4634,Q9UJV9
4638,Q9H1K1
4648,O43315
4649,O60346
4653,Q02952
4654,Q9Y6D9
4657,Q86V81
4661,Q96QZ7
4664,Q9BXS5
4665,Q5VT25
4668,Q9UHH9
4673,Q8IZL8
4679,O95477
4685,P78352
4687,P53539
4700,P16401
4715,P48426
4733,P18433
4736,Q9ULV4
4738,P14649
4744,O75306
4753,P18507
4754,P14679
4756,Q8IXI1
4761,P19367
4764,Q13416
4769,O43257
4779,P48357
4787,Q07817
4791,Q96A54
4806,P00338
4807,Q9UM11
4811,Q9Y4G8
4812,P62987
4814,O15379
4823,Q9UNW9
4825,Q8ND76
4836,P13498
4839,P43250
4843,Q96S94
4856,Q93073
4857,P12268
4858,Q8IV61
4877,O95238
4878,Q14498
4887,Q13151
4888,Q9BXK1
4904,P43405
4916,P11511
4917,Q13415
4925,Q7L7X3
4929,Q99490
4938,Q96F46
4943,Q2NKX8
4944,O75952
4952,Q15118
4975,Q9BV73
4990,Q9UKT4
5005,P27707
5020,O15534
5034,Q9NZV8
5048,P17275
5065,P35968
5066,P38432
5074,O43597
5099,Q86WB0
5100,Q9HCU9
5110,Q96T88
5111,Q15052
5112,Q9BYT3
5130,Q9P2J5
5132,Q9ULV5
5140,Q9BQ15
5144,Q04721
5147,Q9Y6R1
5162,O14713
5164,Q587J8
5167,O00763
5170,Q2PPJ7
5174,Q9UL51
5187,Q06330
5188,P30086
5191,O15259
5203,O43474
5206,O15119
5211,P50570
5219,Q14194
5224,P10828
5235,Q9Y666
5236,P09622
5237,Q92985
5273,P24071
5274,Q96FW1
5277,O00399
5278,Q8N556
5283,Q9HA82
5287,P10301
5289,Q9H2K8
5292,O14686
5295,Q9UQB8
5296,Q13627
5301,P30405
5302,Q96J02
5305,Q8N9L9
5323,Q9H6E5
5325,Q7L5N1
5328,P12259
5338,Q06265
5340,Q99808
5345,Q13370
5357,P42226
5361,P20701
5362,Q15759
5366,Q96ST2
5370,O43293
5374,Q9Y657
5381,O15392
5382,Q9Y4I1
5389,O14964
5392,Q96AC1
5398,O14493
5399,P50613
5406,P10636-5
5409,P48163
5412,O43707
5421,Q9Y294
5424,P18545
5425,Q13426
5436,P0CG48
5460,Q9Y2J4
5465,Q99523
5474,P26358
5475,Q5VWQ8
5481,Q6VY07
5487,P30101
5492,Q96AX2
5499,Q9UBW7
5514,Q96T60
5524,Q5TKA1
5533,P52566
5551,Q4G163
5554,O76039
5558,Q9P0L2
5564,P46020
5569,Q68D86
5589,Q9HA47
5590,Q9Y6H6
5597,Q9UJM3
5619,P51532
5626,P46939
5631,O60234
5652,Q96CF2
5656,P26010
5658,Q92783
5662,P61981
5663,Q9Y2H1
5676,Q9H2D6
5678,P17936
5682,P25025
5684,P78563
5685,Q9H410
5687,P21802
5688,Q9NY61
5698,Q96T51
5701,O75122
5705,P46695
5706,Q99501
5709,Q9P0K7
5712,O00444
5713,O95295
5734,P49821
5761,Q6ZN44
5798,Q96QE3
5817,Q9Y5T5
5827,O75928
5829,Q5T7P8
5833,P41181
5837,Q08345
5838,Q15645
5840,P49585
5852,Q15172
5855,P20929
5860,Q9NYA1
5863,Q8N9I0
5873,P22455
5875,O00303
5881,O00161
5886,Q9UBF8
5887,O95433
5909,P27695
5912,P27361-3
5914,Q05513
5931,P99999
5935,P12004
5937,Q01543
5953,Q14451
5957,Q14693
5974,O60229
5982,Q96PY5
5987,Q9UPY8
5996,Q08289
6002,P51946
6008,O60879
6012,O75717
6020,P15382
6024,Q9BST9
6034,Q13285
6036,Q8TDX7
6038,P41279
6049,Q9C0H9
6059,O43526
6067,O75460
6089,Q9UNZ2
6104,O15357
6109,P27348
6118,Q6WKZ4
6127,Q9H7P9
6132,Q9NVI1
6144,P28749
6165,P55327
6166,Q8IUH4
6176,Q9BZL4
6203,Q12866
6206,O14994
6209,P21333
6212,O94768
6220,Q15149
6221,Q08493
6245,Q9NP80
6250,P33151
6269,Q18PE1
6271,Q6PIY7
6281,Q13887
6287,Q9UBE8
6288,P07237
6292,P31948
6295,Q8N4N8
6315,Q13257
6320,Q14457
6328,P08238
6338,P78314
6340,O95235
6344,P09467
6366,Q92908
6371,O00443
6375,P54198
6376,Q07955
6377,Q8TD43
6383,Q9H3Q1
6384,Q13829
6387,Q9BRS8
6396,P09769
6397,P29475
6411,P39019
6414,Q96J84
6421,Q15185
6439,P16403
6442,O95243
6452,Q13794
6457,P61244
6486,Q9Y297
6505,Q92858
6521,P42772
6522,O94953
6525,Q14980
6528,Q16832
6557,Q13526
6566,Q9H1D0
6571,P78344
6573,Q8TDQ0
6577,P37802
6590,P50548
6599,P40259
6636,P49411
6640,P15976
6646,O15503
6650,Q15046
6659,P32314
6662,Q9NUW8
6664,P54274
6668,Q9UGL1
6673,P62993
6674,P14416
6675,P14672
6707,Q2V2M9
6724,Q9Y2I7
6732,P63010
6750,Q9UJY5
6754,P50750
6755,Q8IXH7
6756,O43379
6757,Q9P2Y5
6761,Q8WU20
6771,Q9Y385
6803,P54619
6819,Q92997
6839,Q9NQA5
6844,Q7Z2E3
6856,O15511
6859,Q8TDY4
6861,O43889
6877,P15407
6879,Q9NQS1
6897,Q2M2Z5
6905,P35613
6906,P49760
6917,P78317
6937,Q05639
6966,O75376
6971,P60953
6976,Q5UE93
6978,P53365
6979,Q9NYV4
6983,Q9NRR4
6992,O60516
6996,Q96L34
7006,Q8WWK9
7009,Q13451
7012,P17655
7043,P46934-4
7054,P00390
7058,Q15025
7063,Q14761
7084,Q13557
7095,Q9Y4D2
7107,P49918
7120,P42261
7130,P12956
7147,Q9NWT8
7157,Q13765
7163,Q9BW19
7165,P24534
7177,Q9HC98
7188,P67775
7200,P20138
7217,P36894
7228,P53367
7229,P52926
7244,Q96EV8
7250,Q9NR80
7251,P29323
7294,P21399
7295,P53778
7325,Q00975
7377,Q01518
7398,Q9H3M7
7404,Q16666
7408,Q13283
7421,Q8TCS8
7427,Q96RD6
7438,Q86VP1
7440,Q15417
7443,Q6ZMG9
7450,Q9UKF7
7452,Q6P996
7456,P16591
7463,Q69YH5
7468,Q13118
7469,Q969U6
7475,Q96BD8
7481,Q02763
7487,Q14721
7506,P30279
7516,Q8NHZ8
7522,P23771
7526,Q9H6R7
7529,P15509
7552,Q99717
7577,Q96T49
7589,Q8NET8
7604,Q712K3
7622,O75674
7650,P13688
7653,Q9Y2R2
7659,P83916
7660,Q9UNA1
7661,Q8NEB9
7699,Q96T23
7701,Q9H4G4
7704,P17677
7714,P05387
7722,Q9NR20
7726,P46821
7732,Q14765
7733,Q9UK80
7764,Q8WYQ5
7765,Q9BY11
7805,P54259
7807,Q9P0J1
7810,Q9Y210
7817,Q9HCX4
7820,P26678
7828,Q99062
7844,Q9H8S9
7847,Q9BPZ7
7855,P30530
7890,P53804
7919,O15126
7922,Q9NQX3
7933,Q86UE8
7945,Q9Y5P4
7946,Q8WXD9
7963,Q9Y463
7966,P01589
8028,Q9UI08
8032,P05091
8043,Q9BYG3
8049,Q504Q3
8051,Q9NRA8
8058,P51809
8105,Q96G01
8109,P41597
8114,Q13255
8118,P21453
8129,Q9BUZ4
8151,Q9BXM7
8184,Q9UKV3
8186,P61020
8204,Q8TAQ5
8217,Q9UKT5
8226,O43148
8241,P30050
8272,Q96MU7
8276,Q9NR28
8277,P54578
8278,P12532
8282,P01112
8314,Q96CN5
8321,Q96HE7
8344,O00327
8356,O14980
8369,Q92819
8381,P57737
8389,Q13114
8398,Q4VCS5
8403,Q9UKV5
8410,Q99814
8420,Q16816
8438,Q5VTR2
8445,Q99259
8454,Q9UM54
8477,P27635
8484,O00165
8494,O00329
8504,O14929
8540,P29972
8552,Q6UUV7
8559,Q12948
8575,O60602
8587,Q9H1A4
8590,Q9NZA1
8614,Q6ZWJ1
8654,P15884
8657,P46459
8679,P15090
8690,Q07343
8693,Q9H2X9
8732,P31939
8735,Q8IXI2
8740,Q4G0J3
8741,Q9Y2X7
8742,Q15121
8747,P11908
8768,Q8NE86
8769,P14866
8770,Q96E09
8776,Q9H2B2
8783,Q9C0C2
8801,Q7L591
8814,Q9HCU5
8832,Q14566
8836,Q15365
8837,Q92692
8839,Q14807
8841,Q99497
8843,P78356
8845,P20273
8846,Q53GL7
8848,Q9Y6E0
8882,Q96KR7
8886,P30048
8887,P12821
8888,O14976
8891,P43146
8899,Q16760
8919,Q8IWQ3
8924,P08473
8989,P20042
8991,Q13625
8993,P09601
9003,P33241
9007,O60664
9022,P07766
9027,Q9NZM5
9031,Q01534
9052,Q92519
9061,O43663
9073,Q9BY77
9075,P04234
9079,P33527
9090,P52789
9106,Q14738
9115,O94763
9125,P42566
9132,CHEBI:15721
9143,P35354
9152,P56192
9153,P05129
9170,Q13459
9196,Q9BU19
9207,Q96CW1
9212,Q9UBP6
9221,P32942
9226,Q9NP31
9228,P10398
9238,P10412
9241,Q9ULH0
9258,Q8TEP8
9282,P38646
9286,P30041
9301,O43736
9308,O95817
9316,Q6STE5
9317,Q9BZQ8
9328,O75475
9333,Q96AQ6
9335,Q96GD4
9376,Q92837
9378,O75154
9397,P42574
9402,Q99538
9434,Q16543
9440,Q14654
9455,P30281
9460,P48050
9470,O00238
9475,P24666
9517,Q9HC62
9524,Q5FWF5
9533,P31994
9556,Q96N67
9567,Q08J23
9592,Q96P20
9593,O60282
9606,O60563
9610,Q05516
9616,Q9Y3C5
9617,P00736
9640,Q96C90
9675,O95983
9677,P43003
9695,Q9NPC1
9697,Q9NP62
9708,Q9HCJ2
9709,P08908
9711,Q76N32
9722,Q8WYK2
9742,Q9Y295
9802,Q9Y6R4
9819,O60885
9823,Q8WUM4
9827,P55265
9832,Q9UK32
9834,P61925
9849,P20963
9865,Q16644
9872,O94989
9886,O14613
9919,O95721
9928,Q96Q89
9939,Q92698
9954,Q15019
9964,Q9HB75
9980,P48431
9988,Q15349
10026,P43694
10027,Q8IWA4
10029,O00139
10080,Q14571
10104,Q9UGP5
10115,Q9UIK4
10123,O76070
10134,Q9H0Z9
10139,Q9H3R0
10156,O60829
10158,Q9Y2K6
10180,P41162
10183,Q8N6T3
10186,P09693
10191,P49716
10205,Q96D96
10217,P16662
10219,O15287
10241,Q13418
10247,O43734
10250,Q15599
10252,Q9NRR5
10259,O15146
10282,Q92882
10289,Q15648
10297,O75628
10330,Q5VSY0
10343,Q2M2I8
10356,Q13362-3
10359,Q9H0B6
10365,Q9Y5X1
10396,Q9BSQ5
10398,Q96F24
10401,Q01995
10408,P30626
10419,Q9NQC3
10426,Q9H211
10431,Q14493
10438,P19021
10443,P80192
10453,O43542
10459,Q15334
10462,Q92879
10478,Q96NY9
10495,O15269
10501,Q969R5
10513,Q16206
10521,P25685
10551,Q8N0Z6
10555,Q9HC35
10564,P0DMV8
10585,P30519
10639,P21796
10648,P14543
10673,Q9NR19
10702,Q13107
10744,O76090
10758,P33993
10779,O43768
10798,Q9NTG7
10800,Q7L804
10814,Q16821
10820,O60928
10859,Q16526
10944,P32929
10951,P18850
10953,P10588
10958,Q12809
10966,Q7L7L0
10981,P15559
10994,P17612
11007,Q92542
11014,P13693
11130,Q96HP0
11135,P48200
11142,Q92529
11162,Q9UBF6
11164,Q9UKT6
11167,P68366
11169,O75822
11172,Q93009
11207,Q9UQ84
11208,Q15256
11218,Q9HAU4
11237,O14490
11275,O43684
11282,Q13362-1
11289,P01111
11312,P52943
11319,Q9NZC9
11322,O95425
11352,P55212
11358,P55316
11387,Q9GZT9
11392,O60318
11402,Q02363
11409,P19544
11414,Q9BWT1
11417,P31943
11428,Q16576
11491,Q13002
11494,Q14203
11503,Q9UEY8
11524,Q96HZ4
11558,Q8TAE6
11581,P16333
11585,Q5JXC2
11601,Q86TI0
11612,Q7L5N7
11625,P52292
11646,Q99541
11662,Q03164
11691,Q05086
11715,Q04912
11723,P50502
11724,P47736
11732,P43351
11739,Q9UKA4
11758,Q15116
11769,Q16621
11792,Q8IWR1
11818,Q96KG9
11825,Q9Y490
11829,Q9NRY6
11866,Q9UKI8
11876,Q14289
11880,P31152
11915,P01236
11918,Q9ULV8
11930,Q5JZY3
11935,P50281
11937,P61587
11953,O43559
11975,Q52LA3
11981,Q9BWW4
11989,Q15437
11996,Q9NYZ3
12009,Q9Y2T1
12015,Q9NS28
12022,Q15303
12028,P98161
12067,Q8N2W9
12071,Q8WTQ7
12101,P41002
12104,P07951
12118,Q6WCQ1
12123,P43119
12143,Q96CV9
12150,Q9HB09
12156,O95382
12164,O15067
12190,P50406
12191,O60869
12204,Q6P1N0
12233,Q8IX90
12242,Q9NRC8
12261,Q13761
12272,Q96TA1
12278,Q96SB3
12283,P11171
12290,Q9NS91
12302,P49789
12319,Q9BUR4
12327,P52952
12341,P62820
12349,O75969
12350,P41134
12356,O00631
12363,P21817
12377,Q12904
12434,Q04637
12459,P09651
12460,Q01628
12471,O60500
12473,Q14511
12512,Q92995
12543,Q9Y4H4
12547,Q92585
12583,P35221
12586,Q15833
12594,Q9UM73
12611,Q9Y3Q4
12634,Q8NEM2
12651,O43395
12653,Q96CX2
12660,O43156
12694,Q9GZV9
12703,P05549
12711,Q15700
12731,Q96G74
12748,P07737
12749,O95202
12750,P26045
12759,Q96SN8
12765,Q8TDY2
12775,Q9UH03
12798,P15374
12822,P23634-6
12841,Q9UP95
12859,O95319
12864,Q13243
12871,Q5SQI0
12876,Q14157
12894,Q9NRF8
12896,Q12851
12898,Q13263
12910,O75962
12923,P51787
12936,Q01831
146,Q8IY63
482,P42568
490,O95278
1266,P23921
1447,Q15329
2269,Q0VD86
2359,Q8TBX8
2554,P17858
2716,Q9H2G4
2844,Q9UQK1
4097,Q8N2F6
4479,P48764
4630,Q9H4X1
5671,Q9UPY5
5737,Q9BQL6
6022,Q8TAP6
6093,Q6TCH7
6696,Q03111
7215,Q7Z2Z1
7949,Q8N3Y1
8860,P54840
8896,P51816
10351,Q01813
10417,Q9NP87
10926,Q9H7L9
11267,P42898
11475,Q15652
11486,Q00536
3231,P46109
11052,P32927
60,Q07002
454,Q9HBH7
595,Q8N9N5
754,Q9Y3R0
756,Q7Z5H3
780,Q14160
884,P14410
907,Q969F2
1043,Q9UL62
1203,O75151
1285,Q9H4X1-2
1553,Q9BTL3
2080,Q9UH77
2143,P49366
2149,P17861
2167,Q9Y223
2395,O60610
2964,Q9HCR9
3041,Q5T2W1
3268,P55064
3313,Q96F86
3609,Q6S5L8
3655,Q676U5-2
3704,O15217
3870,P52179
4128,P56693
4133,O75688
4192,Q676U5-1
4663,Q92777
4723,Q9Y259
5897,P41219
6005,P63252
6075,Q09470
6263,O60658
6454,O76054
6555,Q7Z418
6714,Q8NCD3
6923,P00540
7264,Q16637
7789,Q6J4K2
8323,Q13576
8489,Q9NPC2
8596,O94806
8808,Q5T447
9099,Q05329
9307,P22459
9411,Q9P0N9
9771,Q68EM7
10002,Q9H4B6
11624,Q02641
12359,O00482
12443,Q14957
12684,P47870
12828,Q14749
