position,aa,max_value
1549,N,0.8153901734104047
2618,D,0.809429190751445
1724,D,0.8007586705202312
1525,D,0.7910043352601156
1730,G,0.7754696531791907
2515,P,0.7619219653179191
2635,G,0.7494580924855492
1518,H,0.7398843930635838
2517,E,0.7285043352601156
1725,F,0.6902095375722543
3139,R,0.6835260115606936
1519,R,0.6553468208092486
1553,L,0.6546242774566474
1546,K,0.642521676300578
801,E,0.6271676300578035
1720,K,0.5816473988439307
1107,L,0.5798410404624278
563,G,0.5756864161849711
2622,S,0.5744219653179191
2645,E,0.573157514450867
1078,E,0.5697254335260116
2621,W,0.5652095375722543
557,G,0.5623193641618497
2514,A,0.5579841040462428
2713,P,0.525650289017341
2496,Y,0.5254696531791907
1436,H,0.5216763005780347
646,K,0.5211343930635838
596,V,0.5104768786127167
644,A,0.498735549132948
2488,G,0.49765173410404623
2489,T,0.49114884393063585
1423,Q,0.4841040462427746
1541,L,0.4822976878612717
3099,P,0.4779624277456647
566,G,0.4752528901734104
1731,L,0.4738078034682081
1071,V,0.46947254335260113
2700,G,0.4667630057803468
1096,G,0.4595375722543353
925,H,0.45664739884393063
1547,P,0.4411127167630058
1552,I,0.4389450867052023
1427,G,0.43677745664739887
2714,F,0.4295520231213873
1732,A,0.4270231213872832
1428,L,0.4196170520231214
935,L,0.41889450867052025
2642,L,0.4172687861271676
3090,L,0.41582369942196534
1435,L,0.4123916184971098
1434,Y,0.41203034682080925
3084,L,0.4057080924855491
3173,L,0.4042630057803468
1554,L,0.4031791907514451
1115,L,0.3798771676300578
565,F,0.3784320809248555
931,N,0.3663294797687861
933,V,0.3632586705202312
1513,I,0.3524205202312139
1407,L,0.3491690751445087
1721,I,0.33977601156069365
1517,I,0.33778901734104044
1424,I,0.3332731213872832
3183,H,0.33291184971098264
1070,L,0.3289378612716763
2646,L,0.32875722543352603
2519,L,0.32189306358381503
2619,V,0.3204479768786127
926,P,0.31773843930635837
1079,Y,0.31701589595375723
2636,V,0.3141257225433526
3156,P,0.30346820809248554
643,V,0.30057803468208094
2697,L,0.2989523121387283
1410,E,0.2922687861271676
3089,C,0.29064306358381503
556,L,0.29064306358381503
1425,L,0.2879335260115607
932,I,0.2873916184971098
3097,D,0.2863078034682081
1555,D,0.2826950867052023
1512,G,0.2640895953757225
826,L,0.2635476878612717
2603,Y,0.26210260115606937
1733,R,0.26192196531791906
3190,P,0.2617413294797688
597,Y,0.25722543352601157
2609,K,0.256864161849711
3082,D,0.2514450867052023
2487,V,0.24747109826589594
2518,V,0.24566473988439305
2641,I,0.24367774566473988
2623,L,0.24367774566473988
1069,Y,0.2434971098265896
3157,T,0.24313583815028902
2644,Y,0.2420520231213873
2716,G,0.24096820809248554
2497,M,0.23952312138728324
2490,P,0.23771676300578035
803,I,0.23663294797687862
1072,M,0.23211705202312138
3077,S,0.23175578034682082
2617,S,0.23121387283236994
3080,A,0.23121387283236994
2711,P,0.22976878612716764
1068,L,0.22922687861271676
1723,A,0.22922687861271676
2699,T,0.2288656069364162
1097,D,0.2252528901734104
805,I,0.22471098265895953
648,L,0.22254335260115607
1420,I,0.2221820809248555
945,G,0.21820809248554912
1421,A,0.21802745664739884
1548,E,0.2171242774566474
3192,F,0.21333092485549132
1080,M,0.20971820809248554
3161,E,0.20935693641618497
1437,S,0.20646676300578035
2604,T,0.20538294797687862
800,R,0.2023121387283237
3085,L,0.20177023121387283
3158,A,0.20140895953757226
599,A,0.20122832369942195
1735,L,0.2006864161849711
645,V,0.19743497109826588
2757,L,0.19598988439306358
539,Y,0.19508670520231214
1109,D,0.19490606936416185
2520,L,0.19346098265895953
1086,G,0.19002890173410406
650,K,0.18316473988439305
3112,K,0.1826228323699422
1415,A,0.18045520231213874
2522,G,0.17973265895953758
1426,R,0.17467485549132947
2905,L,0.17359104046242774
2760,I,0.17196531791907516
2485,T,0.16889450867052022
3191,F,0.16744942196531792
3079,E,0.16708815028901733
798,F,0.16672687861271676
2484,T,0.16311416184971098
3088,K,0.16184971098265896
598,K,0.16040462427745664
1663,G,0.15769508670520233
949,C,0.15625
799,L,0.1544436416184971
948,V,0.1528179190751445
2715,P,0.1501083815028902
1418,R,0.14920520231213874
1433,E,0.14848265895953758
2809,I,0.14776011560693642
1409,S,0.14739884393063585
76,G,0.14595375722543352
1116,R,0.14505057803468208
2601,Y,0.14505057803468208
2781,G,0.1414378612716763
3172,A,0.13836705202312138
1110,L,0.1369219653179191
1719,V,0.13204479768786126
649,K,0.13132225433526012
1422,R,0.1302384393063584
84,V,0.12969653179190752
951,E,0.12915462427745664
542,L,0.12915462427745664
3028,P,0.1280708092485549
3092,K,0.12752890173410406
564,A,0.12734826589595374
934,R,0.126264450867052
3081,K,0.12608381502890173
139,K,0.12554190751445088
1666,L,0.12518063583815028
2701,K,0.12463872832369942
804,K,0.12409682080924855
73,G,0.12355491329479769
554,K,0.12229046242774566
3111,E,0.12229046242774566
944,L,0.12210982658959538
796,E,0.12102601156069365
1108,F,0.12066473988439307
2495,G,0.12066473988439307
3026,F,0.11976156069364162
613,G,0.11940028901734104
1414,E,0.11921965317919075
2783,P,0.11831647398843931
555,V,0.11831647398843931
2756,Q,0.11813583815028902
2486,V,0.11705202312138728
647,K,0.11560693641618497
543,L,0.11524566473988439
1419,K,0.1150650289017341
950,F,0.11488439306358382
2483,T,0.11380057803468208
3091,Q,0.11361994219653179
1477,H,0.11217485549132948
1085,E,0.11109104046242775
81,G,0.11054913294797687
558,E,0.110007225433526
2579,G,0.10964595375722544
2853,L,0.10946531791907514
1413,E,0.10928468208092486
133,A,0.10892341040462428
3063,P,0.10765895953757225
2784,P,0.10765895953757225
3178,E,0.1067557803468208
604,L,0.10531069364161849
595,K,0.10494942196531792
797,E,0.10458815028901734
1556,E,0.10404624277456648
2608,P,0.10386560693641618
3019,P,0.10314306358381503
541,E,0.10242052023121387
193,E,0.101878612716763
640,G,0.101878612716763
922,L,0.10133670520231214
603,R,0.10115606936416185
2581,G,0.10061416184971098
