aa,MaxAbsEStateIndex,MinAbsEStateIndex,MinEStateIndex,qed,MolWt,MinPartialCharge,MaxAbsPartialCharge,FpDensityMorgan1,FpDensityMorgan2,FpDensityMorgan3,BCUT2D_MWHI,BCUT2D_MWLOW,BCUT2D_CHGHI,BCUT2D_CHGLO,BCUT2D_LOGPHI,BCUT2D_LOGPLOW,BCUT2D_MRLOW,AvgIpc,BalabanJ,BertzCT,HallKierAlpha,Kappa2,Kappa3,PEOE_VSA1,PEOE_VSA10,PEOE_VSA11,PEOE_VSA12,PEOE_VSA14,PEOE_VSA2,PEOE_VSA3,PEOE_VSA4,PEOE_VSA6,PEOE_VSA7,PEOE_VSA8,PEOE_VSA9,SMR_VSA10,SMR_VSA3,SMR_VSA4,SMR_VSA5,SMR_VSA6,SMR_VSA7,SlogP_VSA1,SlogP_VSA2,SlogP_VSA3,SlogP_VSA4,SlogP_VSA8,EState_VSA1,EState_VSA10,EState_VSA2,EState_VSA3,EState_VSA4,EState_VSA6,EState_VSA7,EState_VSA8,EState_VSA9,VSA_EState3,VSA_EState4,VSA_EState5,VSA_EState7,VSA_EState8,FractionCSP3,NumAliphaticHeterocycles,NumAromaticHeterocycles,NumHAcceptors,MolLogP,fr_Al_COO,fr_Al_OH,fr_C_O,fr_NH0,fr_NH1,fr_sulfide,fr_unbrch_alkane
A,9.574074074074074,1.193553919366159,0.43058974269851275,-0.3754618355256181,-1.4397702057534856,0.22816599991578856,-0.30891123995950415,1.6566884999019749,0.10300660300236326,-0.7800512425068458,-0.5269025046341067,1.2038828974437379,-1.4155190802466266,1.46510071910953,-1.3475491359705318,1.1624179493687556,0.6781782672717658,-1.660842189526523,0.05876647569987056,-0.9285280011699147,0.6618613999377833,-1.7049237180545314,-1.1641688284994103,-1.0882744757883014,-0.11304490891613543,-0.21320071635561044,-0.3086066999241838,-0.5215960900325557,-0.6825818463542701,-0.4584129685470968,-0.3083934307299974,-0.6473983559944653,-0.2242600479407229,-0.4803513341256328,-0.6944047836567119,-0.8829770482511788,-0.43233050054288447,-0.4955610854251464,-0.290532081487812,-0.695144958354215,-0.5119679414974954,-0.4821244475730771,-1.3734289404146947,-0.8845271701510339,-0.4584302776942327,-0.21320071635561041,-0.5351271654251321,-0.6611599771640452,-0.92284956295877,-0.6212181795562318,-0.6110410890800477,-0.4409256426861674,-0.4555910642921827,-0.7699758852779343,-0.6260171541907948,-0.748231646590952,-0.4838222612294104,0.3428084789228363,-0.46240045988831996,0.572190348519538,0.34909907272771246,-0.2132007163556104,-0.3086066999241838,-1.1920791213585393,-0.08235607641949787,-0.30860669992418355,-0.30860669992418377,-0.4588314677411239,-0.2132007163556104,-0.42874646285627216,-0.2132007163556104,-0.30860669992418377
C,9.756435185185186,-0.5941206443972199,0.39631166186015365,-0.6237148876665631,-0.643882303217449,0.23351359180178374,-0.3118251191918661,1.6566884999019749,1.401075591115131,0.15035705932255727,1.9818893874560715,1.1463080797331853,-0.6285348065599726,0.6960260820471244,-0.7956040061181636,0.07706019376187559,0.7656820282797061,-0.6841061905707544,0.23372816155046566,-0.790419484261821,1.4606596412420043,-0.6013916780794603,-0.5814367465453198,-1.0882744757883014,-0.11304490891613543,-0.21320071635561044,-0.3086066999241838,-0.5215960900325557,-0.6825818463542701,-0.4584129685470968,3.3641831738636343,-0.6473983559944653,-1.1075020517287035,0.5568643146317053,-0.6944047836567119,2.015849600690628,-0.43233050054288447,-0.4955610854251464,-1.340338812854482,0.9141582779294224,-0.5119679414974954,-0.4821244475730771,-0.25770917693447704,-0.8845271701510339,-0.4584302776942327,-0.21320071635561041,-0.5351271654251321,-0.6611599771640452,0.31055360095902784,-0.6212181795562318,-0.6110410890800477,-0.4409256426861674,-0.4555910642921827,2.7658134290092877,-0.6260171541907948,-0.7094776418138096,-0.43763339438988047,0.6318611833262897,-0.46240045988831996,-0.5221691494298132,0.34909907272771246,-0.2132007163556104,-0.3086066999241838,0.3311330892662611,-0.19634119410977813,-0.30860669992418355,-0.30860669992418377,-0.4588314677411239,-0.2132007163556104,-0.42874646285627216,-0.2132007163556104,-0.30860669992418377
D,9.846435185185186,0.5365453190086776,0.15819326030302078,-0.3693033714123536,-0.34748746328588787,0.037668029254467016,-0.20510973596462342,-1.0337429842101147,-1.2737332328748143,-1.37212925276192,-0.5257819543180196,0.1158729816885066,0.34626132187596,0.39899494156143034,-0.5161382718584239,-0.08466159509405874,-3.5453657136384757,-0.7229949537528418,0.8228699420519261,-0.2815163677142885,-0.5477473654657516,-0.4422634767232748,0.20097991355345599,0.37362905509800703,-0.11304490891613543,-0.21320071635561044,-0.3086066999241838,1.5009595542061887,1.0509105445447722,-0.4584129685470968,-0.3083934307299974,-0.6473983559944653,-1.1075020517287035,-0.4803513341256328,1.1101019159223793,0.48722408834050085,-0.43233050054288447,-0.4955610854251464,-0.36678629833189363,-0.695144958354215,-0.5119679414974954,-0.4821244475730771,0.7746398730693128,0.43314659377646375,-0.4584302776942327,-0.21320071635561041,1.7416268268575026,1.5567191041045776,-0.92284956295877,-0.6212181795562318,-0.6110410890800477,-0.4409256426861674,-0.4555910642921827,-0.7699758852779343,0.4874017684862138,1.4748114937813885,-0.48320640967154993,-2.6519581966371977,-0.936725679532785,-0.5221691494298132,-0.42975511951312717,-0.2132007163556104,-0.3086066999241838,0.3311330892662611,-0.7720862225320468,3.2403703492039297,-0.30860669992418377,2.179449471770337,-0.2132007163556104,-0.42874646285627216,-0.2132007163556104,-0.30860669992418377
E,9.993880385487529,-1.1441743563244142,0.2639601830676016,-0.05676950453968113,0.0006560989080492193,0.028134334322616632,-0.1999148676459796,-1.2489775029390822,-1.2186636394397272,-0.6616356404558297,-0.5263788128959188,-0.2719226323610596,0.0698435812175297,0.10988507637797204,-0.1727452381297582,0.2567532351535904,-0.43717971950610096,-0.0850407630465429,0.5340170059986288,-0.1742616409839879,-0.5477473654657516,0.3617060103736451,0.48738251541959804,0.37362905509800753,-0.11304490891613543,-0.21320071635561044,-0.3086066999241838,1.5009595542061887,1.0509105445447722,-0.4584129685470968,-0.3083934307299974,-0.6473983559944653,-0.28841559702447706,0.6772961779487128,-0.6944047836567119,0.48722408834050085,-0.43233050054288447,-0.4955610854251464,0.6067662161906946,-0.695144958354215,-0.5119679414974954,-0.4821244475730771,0.7746398730693128,0.43314659377646375,-0.4584302776942327,-0.21320071635561041,0.5617655252838208,1.5567191041045776,1.830379441645492,-0.6212181795562318,-0.6110410890800477,-0.4409256426861674,-0.4555910642921827,-0.7699758852779343,0.4874017684862142,1.5403135422340166,-0.4101048297535205,-2.0636456142060418,-0.6620295088517294,-0.5221691494298132,0.03755739583137659,-0.2132007163556104,-0.3086066999241838,0.3311330892662611,-0.2785724110894461,3.2403703492039297,-0.30860669992418377,2.179449471770337,-0.2132007163556104,-0.42874646285627216,-0.2132007163556104,-0.30860669992418377
F,10.378641817838247,0.05035895474414141,0.4335247547902509,1.8254439981709514,0.44894646893349244,0.23107921948225407,-0.31049864045210074,-1.1682645584157187,-0.7230372985239428,0.4041047780033043,-0.5268834598942675,-0.8185506378063242,-0.06980839754910192,-0.3117416632166328,0.19235020145393894,-0.048317635468974864,0.4138305891943205,0.7268697030399611,-1.3130714310158158,0.839266103280272,-1.1183175378259096,0.39928964543403545,-0.6694800247604975,-1.0882744757883014,-0.11304490891613543,-0.21320071635561044,-0.3086066999241838,-0.5215960900325557,-0.6825818463542701,-0.4584129685470968,-0.3083934307299974,2.9038225445779378,0.4212985214899074,-0.4803513341256328,-0.6944047836567119,-0.8829770482511788,-0.43233050054288447,-0.4955610854251464,-0.36678629833189363,-0.695144958354215,2.3096939286959266,-0.4821244475730771,-1.3734289404146947,0.8800953305347882,-0.4584302776942327,-0.21320071635561041,-0.5351271654251321,-0.6611599771640452,-0.92284956295877,0.5985683545982947,0.3797051742703525,-0.4409256426861674,2.899049862970011,-0.7699758852779343,-0.6260171541907948,-0.5705866837671154,0.1656061938801576,0.3497693399676545,-0.11931896623591487,-0.5221691494298132,-1.7278454399145269,-0.2132007163556104,-0.3086066999241838,-1.1920791213585393,1.4646028793149573,-0.30860669992418355,-0.30860669992418377,-0.4588314677411239,-0.2132007163556104,-0.42874646285627216,-0.2132007163556104,-0.30860669992418377
G,9.243055555555555,-0.30381451865786757,0.4267810670498061,-0.6532671510213697,-1.787913767947423,0.19241579703239475,-0.28943111208971234,1.6566884999019749,0.26821538330762623,-0.6616356404558297,-0.5271200644915087,3.3780615452421854,-3.6106820342907477,3.5293793983718937,-2.47670178053343,3.820823391678804,2.3393013222300727,-1.5997181928195872,-0.7774189987646605,-1.078909335185084,0.6618613999377833,-1.7509390283854966,0.1623818618713487,-1.0882744757883014,-2.9916336296880486,-0.21320071635561044,-0.3086066999241838,-0.5215960900325557,-0.6825818463542701,-0.4584129685470968,-0.3083934307299974,-0.6473983559944653,-1.1075020517287035,-0.4803513341256328,1.1449325278508606,-0.8829770482511788,-0.43233050054288447,-0.4955610854251464,-2.256428633907905,1.1356851626088753,-0.5119679414974954,-0.4821244475730771,-1.2758925025501406,-0.8845271701510339,-0.4584302776942327,-0.21320071635561041,-1.6453486609307197,-0.6611599771640452,0.4803363704807402,-0.6212181795562318,-0.6110410890800477,-0.4409256426861674,-0.4555910642921827,0.8353276762765778,-1.8761766797932742,-0.8213286312112532,-0.6008340572228857,0.33377558191022805,-0.46240045988831996,-0.7363993937265868,-0.42975511951312717,-0.2132007163556104,-0.3086066999241838,-1.1920791213585393,-0.573845734828752,-0.30860669992418355,-0.30860669992418377,-0.4588314677411239,-0.2132007163556104,-0.42874646285627216,-0.2132007163556104,-0.30860669992418377
H,10.262534958427816,-0.3534721454290732,0.3947881916006709,0.45149630812430397,0.19988247473543436,0.23120789388913218,-0.31056875456887184,1.216436075229088,2.4309485073037735,2.5032904507258418,-0.5268814808780898,-0.2087366149194552,0.10190465876660688,0.11019941269535509,-0.08244917656724537,-0.07798922631365995,0.40295056473710206,1.8801748628673411,-1.4880584087655775,0.603424078839508,-1.141140344720316,-0.31826387059816,-0.9110872846063833,0.3385455986512544,-0.11304490891613543,-0.21320071635561044,-0.3086066999241838,-0.5215960900325557,-0.6825818463542701,2.3548116078471133,-0.3083934307299974,-0.6473983559944653,-1.1075020517287035,1.7945613761871044,2.6840448841341686,-0.8829770482511788,3.441634958186937,-0.4955610854251464,-0.36678629833189363,-0.695144958354215,0.9201224265069979,-0.4821244475730771,0.5597762883991374,0.8800953305347882,-0.4584302776942327,-0.21320071635561041,-0.5351271654251321,-0.6611599771640452,0.453764939343361,0.4604777625585071,-0.6110410890800477,0.9893316780618088,-0.4555910642921827,2.0208376741953997,-0.6260171541907948,-0.5979401824102151,-0.0026369106878191156,0.2578992470043208,2.549302901103705,-0.5221691494298132,-1.2086093117539671,-0.2132007163556104,3.24037034920393,0.3311330892662611,-0.15079775085950015,-0.30860669992418355,-0.30860669992418377,-0.4588314677411239,4.690415759823429,1.5434872662825798,-0.2132007163556104,-0.30860669992418377
I,10.17462962962963,-0.9837420236789827,0.471990046999953,0.8450160047883039,-0.3953395191716746,0.23089613381363017,-0.31039887787879306,0.5805159062571387,0.37835457017780005,-0.18797323225176996,-0.5268677116206303,-1.275496763798942,0.674229615665809,-1.1661963365259944,0.3255660517083717,-0.7782002897701072,-0.3488905733177219,-0.00582760037424874,0.9934973231601956,-0.5422076011571431,0.6618613999377833,-0.02072454103203794,-0.5880137685642012,-1.0882744757883014,-0.11304490891613543,-0.21320071635561044,-0.3086066999241838,-0.5215960900325557,-0.6825818463542701,-0.4584129685470968,-0.3083934307299974,1.725593440944686,-0.35257114610823137,-0.4803513341256328,-0.6944047836567119,-0.8829770482511788,-0.43233050054288447,1.4341276548871411,1.7328271644014464,-0.695144958354215,-0.5119679414974954,-0.4821244475730771,-1.3734289404146947,-0.8845271701510339,2.235425590703904,-0.21320071635561041,-0.5351271654251321,-0.6611599771640452,0.3459405958145158,-0.6212181795562318,0.5323866985167853,-0.4409256426861674,1.075912184196869,-0.7699758852779343,-0.6260171541907948,-0.6140860768843159,-0.29079385461069956,0.5810059731453074,0.26187352767314126,2.37472362403259,1.1279532649685526,-0.2132007163556104,-0.3086066999241838,-1.1920791213585393,1.2158850753426038,-0.30860669992418355,-0.30860669992418377,-0.4588314677411239,-0.2132007163556104,-0.42874646285627216,-0.2132007163556104,-0.30860669992418377
K,10.137221749811035,0.4968192175917136,0.45498158974587205,-0.321845594671953,-0.0226742602893772,0.22953793779667578,-0.3096588028596719,-0.7646998357989055,-0.22741095760815827,0.4041047780033043,-0.526884391907865,-0.5077988120162308,-0.2786037970813847,-0.14494438567034204,-0.00901215278964275,0.3632462688297672,0.280422573295403,0.12096392945717749,-0.028294071269828736,-0.5182728705545467,0.570570172360158,1.7185903533304963,0.8275705086075522,0.5531675613698805,-0.11304490891613543,-0.21320071635561044,-0.3086066999241838,-0.5215960900325557,-0.6825818463542701,-0.4584129685470968,-0.3083934307299974,0.1043450083240554,1.3655673298509843,-0.4803513341256328,-0.6944047836567119,-0.8829770482511788,-0.43233050054288447,1.374051829188687,1.5803187307132829,1.1356851626088753,-0.5119679414974954,1.482743806755044,-0.1041259877588693,-0.8845271701510339,-0.4584302776942327,-0.21320071635561041,-0.5351271654251321,-0.6611599771640452,-0.92284956295877,1.841899224396814,1.6758144861136184,-0.4409256426861674,-0.4555910642921827,-0.7699758852779343,0.6241423714116848,-0.6231895064186262,1.9921282799205042,0.40065773221929557,1.4656696894595198,-0.05672406804875927,1.1279532649685526,-0.2132007163556104,-0.3086066999241838,0.3311330892662611,0.05566585854176386,-0.30860669992418355,-0.30860669992418377,-0.4588314677411239,-0.2132007163556104,-0.42874646285627216,-0.2132007163556104,3.2403703492039297
L,10.109768518518518,-0.040705493119360676,0.4714949191656208,0.8450160047883039,-0.3953395191716746,0.22956088683954243,-0.30967130769190987,0.04242960943472161,-0.17234136417307136,-0.5826919057551533,-0.5268834211495287,-0.9700173743430357,0.04713823484160804,-0.6163578079889581,0.207388184254261,0.11230867798529758,0.15739846548093894,-0.7229949537528418,0.5563559139976099,-0.5600032314001732,0.6618613999377833,-0.02072454103203794,0.5803965397496771,-1.0882744757883014,-0.11304490891613543,-0.21320071635561044,-0.3086066999241838,-0.5215960900325557,-0.6825818463542701,-0.4584129685470968,-0.3083934307299974,0.9738500766261652,0.46651530859599516,-0.4803513341256328,-0.6944047836567119,-0.8829770482511788,-0.43233050054288447,1.4341276548871411,1.7328271644014464,-0.695144958354215,-0.5119679414974954,-0.4821244475730771,-1.3734289404146947,-0.8845271701510339,2.235425590703904,-0.21320071635561041,-0.5351271654251321,-0.6611599771640452,-0.92284956295877,1.7228142111916085,-0.6110410890800477,-0.4409256426861674,1.075912184196869,-0.7699758852779343,-0.6260171541907948,-0.6284156064555718,-0.31433991250622884,1.1373421001518296,0.028423028265517646,2.4813388756109513,1.1279532649685526,-0.2132007163556104,-0.3086066999241838,-1.1920791213585393,1.2158850753426038,-0.30860669992418355,-0.30860669992418377,-0.4588314677411239,-0.2132007163556104,-0.42874646285627216,-0.2132007163556104,-0.30860669992418377
M,10.070883408919123,0.6014822155556376,0.4717615264610306,0.9651259884372493,0.052404821170426226,0.22960458282019175,-0.3096951174390383,1.1186022030795568,1.479746438879543,1.3909014617617619,1.989773829515904,0.2684812740509817,-0.30333604069805437,0.012598847746054295,0.02843544784436874,0.270932995000106,0.38185440161198303,-0.0767997882262376,0.0757288734642811,-0.5980164604741953,1.4606596412420048,1.1621461153294568,0.8333530446401031,-1.0882744757883014,-0.11304490891613543,-0.21320071635561044,-0.3086066999241838,-0.5215960900325557,-0.6825818463542701,-0.4584129685470968,3.112078871466312,-0.6473983559944653,1.243491196964699,-0.4803513341256328,-0.6944047836567119,1.8168594232799913,-0.43233050054288447,-0.4955610854251464,-0.36678629833189363,2.6641471148887965,-0.5119679414974954,-0.4821244475730771,0.9555470244102944,-0.8845271701510339,-0.4584302776942327,-0.21320071635561041,-0.5351271654251321,-0.6611599771640452,-0.92284956295877,0.5985683545982947,0.413434135156647,2.273766419531417,0.23628462004008202,-0.7699758852779343,-0.6260171541907948,-0.6369948570502049,-0.3268416991307947,2.026630811043081,1.744599854559052,-0.5221691494298132,0.9721824265203847,-0.2132007163556104,-0.3086066999241838,0.3311330892662611,0.8452120511111713,-0.30860669992418355,-0.30860669992418377,-0.4588314677411239,-0.2132007163556104,-0.42874646285627216,4.690415759823429,-0.30860669992418377
N,9.993055555555555,-0.1968596302275791,0.22400717551267021,-0.6277835281130983,-0.3719098818500026,0.2314810501652166,-0.3107175962189155,-0.4956566873876965,-0.7230372985239428,-0.9774105792585366,-0.5268612999630903,0.037795549042853684,0.19037923502232285,0.29778041128879557,-0.5920244028870498,-0.5049538403686065,-0.6196955961882428,-0.7229949537528418,0.8228699420519252,-0.27043758690305136,-0.5477473654657516,-0.4422634767232748,0.20097991355345599,0.5531675613698805,-0.11304490891613543,-0.21320071635561044,3.2403703492039306,-0.5215960900325557,1.0509105445447722,-0.4584129685470968,-0.3083934307299974,-0.6473983559944653,-1.1075020517287035,-0.4803513341256328,1.1101019159223793,0.47296371684008626,-0.43233050054288447,1.374051829188687,-0.36678629833189363,-0.695144958354215,-0.5119679414974954,1.482743806755044,-0.22777886464399597,0.43314659377646375,-0.4584302776942327,-0.21320071635561041,0.5503496120665043,1.5567191041045776,0.453764939343361,-0.6212181795562318,-0.6110410890800477,-0.4409256426861674,-0.4555910642921827,0.8353276762765778,-0.6260171541907948,-0.6849775490376258,1.6136449745315324,-1.5203168588976748,-0.738746457420313,-0.5221691494298132,-0.42975511951312717,-0.2132007163556104,-0.3086066999241838,0.3311330892662611,-1.5302580430845982,-0.30860669992418355,-0.30860669992418377,2.179449471770337,-0.2132007163556104,-0.42874646285627216,-0.2132007163556104,-0.30860669992418377
P,10.139074074074074,-0.33437305820937774,0.630545214255606,0.055833357923455444,-0.7935192559847726,0.23053889255743676,-0.31020421869395676,0.44599433205153466,1.7550944060549776,1.2922217933859164,-0.5268152825210457,0.15642792460829316,1.0167479228273635,0.33892408151635994,0.2904058873389827,0.34825513893116944,0.09603295651889655,0.9289611595446968,-1.7914282365997471,-0.6011929124809913,0.6618613999377833,-1.3411371388369795,-1.74027897887584,-1.20761912029842,-0.11304490891613543,-0.21320071635561044,-0.3086066999241838,-0.5215960900325557,-0.6825818463542701,-0.4584129685470968,-0.3083934307299974,-0.6473983559944653,1.3655673298509843,-0.4803513341256328,-0.6944047836567119,-0.8829770482511788,1.6339961616529217,-2.3651740000389796,0.6067662161906946,1.1356851626088753,-0.5119679414974954,-0.624984504774969,-0.1041259877588693,-0.8845271701510339,-0.4584302776942327,-0.21320071635561041,-1.6453486609307197,-0.6611599771640452,0.37251202695189534,-0.6212181795562318,2.841312731829181,-0.4409256426861674,-0.4555910642921827,0.7186105589202805,-1.8761766797932742,0.16139731236678417,-2.628012101846695,0.8170355720847524,1.1270014826333719,0.1396237802436363,0.9721824265203847,4.690415759823429,-0.3086066999241838,-1.1920791213585393,0.42975464101696503,-0.30860669992418355,-0.30860669992418377,-0.4588314677411239,-0.2132007163556104,1.5434872662825798,-0.2132007163556104,-0.30860669992418377
Q,10.100084089191231,-1.1502860642347161,0.30966429085207997,-0.3318360754032296,-0.023766319656064818,0.22956632457952217,-0.3096742706924409,-0.7646998357989055,-0.7230372985239428,-0.3063888343027861,-0.526877625432394,-0.31793521651513695,-0.018650686195331615,0.04871273146971017,-0.22075450801831634,0.09599734777068553,0.25748789290171564,-0.0850407630465429,0.5340170059986297,-0.16318286017275072,-0.5477473654657516,0.3617060103736451,0.48738251541959804,0.5531675613698805,-0.11304490891613543,-0.21320071635561044,3.2403703492039306,-0.5215960900325557,1.0509105445447722,-0.4584129685470968,-0.3083934307299974,-0.6473983559944653,-0.28841559702447706,0.6772961779487128,-0.6944047836567119,0.47296371684008626,-0.43233050054288447,1.374051829188687,0.6067662161906946,-0.695144958354215,-0.5119679414974954,1.482743806755044,-0.22777886464399597,0.43314659377646375,-0.4584302776942327,-0.21320071635561041,0.5503496120665043,1.5567191041045776,1.830379441645492,-0.6212181795562318,-0.6110410890800477,-0.4409256426861674,-0.4555910642921827,-0.7699758852779343,0.6241423714116848,-0.6524012939916407,1.7222795135515545,-0.9796979726930911,-0.3526869743009919,-0.5221691494298132,0.03755739583137659,-0.2132007163556104,-0.3086066999241838,0.3311330892662611,-1.036744231641998,-0.30860669992418355,-0.30860669992418377,2.179449471770337,-0.2132007163556104,-0.42874646285627216,-0.2132007163556104,-0.30860669992418377
R,10.215000314940792,-0.8504958774702707,0.3984635636016729,-2.6865133742639022,0.6726200828560542,0.22953913541145418,-0.3096594554346824,0.04242960943472161,0.5160285537655174,0.9961827882583785,-0.526883016001763,-0.30172293383757726,-0.22534742148152861,-0.4796606840387,-0.22045569492967287,-0.41827843985211277,0.28990488491988553,0.41566709690834036,0.16935024778286104,0.06017481921702527,-1.0042035033538779,1.885099966910094,1.755860843423013,2.0752649540179426,-0.11304490891613543,4.69041575982343,-0.3086066999241838,-0.5215960900325557,1.273175635724749,-0.4584129685470968,-0.3083934307299974,-0.6473983559944653,0.5306708576797495,0.6996411053753822,-0.6944047836567119,0.48498589714455487,1.6339961616529217,1.374051829188687,0.6067662161906946,1.1356851626088753,-0.5119679414974954,3.3047520038812737,1.051681767559002,-0.8845271701510339,2.003898504078711,-0.21320071635561041,-0.5351271654251321,-0.6611599771640452,0.3548699764379756,3.0616857585513406,-0.6110410890800477,-0.4409256426861674,-0.4555910642921827,0.7186105589202805,1.8035737656111628,1.9327597299830361,1.9013861837406365,0.04783277490682955,0.406109640116332,-0.15008692012703373,0.34909907272771246,-0.2132007163556104,-0.3086066999241838,0.3311330892662611,-1.0395653949322223,-0.30860669992418355,-0.30860669992418377,-0.4588314677411239,-0.2132007163556104,3.5157209954214315,-0.2132007163556104,3.2403703492039297
S,9.645324074074074,0.44486970035414575,0.25348632503365837,-0.90115067022501,-1.042682528307075,0.2409999661276004,-0.31590441154228177,0.9648632611302951,0.6930379612354396,-0.35713837803893517,-0.5264026725959974,0.9691088645474906,-0.5339234684662459,0.7090412817086094,-1.2154656273075555,-0.27624548116130226,-0.1377254289184644,-0.6841061905707544,0.23372816155046566,-0.814931963936644,0.570570172360158,-0.929798923714053,-0.8453768422382348,0.37362905509800703,-0.11304490891613543,-0.21320071635561044,-0.3086066999241838,-0.5215960900325557,-0.6825818463542701,-0.4584129685470968,-0.3083934307299974,-0.6473983559944653,-1.1075020517287035,-0.4803513341256328,1.1623922850740063,-0.8829770482511788,-0.43233050054288447,-0.4955610854251464,-1.340338812854482,1.153064166029753,-0.5119679414974954,-0.4821244475730771,0.8982927499544395,-0.8845271701510339,-0.4584302776942327,-0.21320071635561041,0.6789237476481353,-0.6611599771640452,-0.92284956295877,-0.6212181795562318,-0.6110410890800477,-0.4409256426861674,-0.4555910642921827,-0.7699758852779343,0.4874017684862138,1.437884913619754,-0.51461483912243,-0.07722123216343332,-0.46240045988831996,-0.9113540932356186,0.34909907272771246,-0.2132007163556104,-0.3086066999241838,0.3311330892662611,-1.3823683620857767,-0.30860669992418355,3.2403703492039297,-0.4588314677411239,-0.2132007163556104,-0.42874646285627216,-0.2132007163556104,-0.30860669992418377
T,9.85574074074074,2.010994852369071,0.251581987209305,-0.6171419142031513,-0.6945389661131377,0.2424437153940736,-0.3166911041497209,0.44599433205153466,-0.1035043723792127,-0.9280707450706139,-0.5262586734212016,-0.0439184070367933,0.5562289036189028,-0.5620011932573039,-0.5239089975759089,-1.4535141677122387,-1.0389628571875968,-0.702544483427375,0.833572592757476,-0.6485077533861291,0.570570172360158,-0.8366721646628784,-1.0239898513313348,0.37362905509800703,-0.11304490891613543,-0.21320071635561044,-0.3086066999241838,-0.5215960900325557,-0.6825818463542701,-0.4584129685470968,-0.3083934307299974,-0.6473983559944653,-0.2242600479407229,-0.4803513341256328,1.0210529704364397,-0.8829770482511788,-0.43233050054288447,-0.4955610854251464,0.6349774832282482,-0.695144958354215,-0.5119679414974954,-0.4821244475730771,0.8007563120898856,-0.8845271701510339,-0.4584302776942327,-0.21320071635561041,0.5865102432977723,-0.6611599771640452,-0.92284956295877,-0.6212181795562318,-0.6110410890800477,-0.4409256426861674,-0.4555910642921827,-0.7699758852779343,0.4874017684862138,1.6166070410163913,-0.45097684481018907,-0.08173768066973743,-1.3347464073214013,0.5052076921360802,0.7385261688481325,-0.2132007163556104,-0.3086066999241838,0.3311330892662611,-0.8908787036765228,-0.30860669992418355,3.2403703492039297,-0.4588314677411239,-0.2132007163556104,-0.42874646285627216,-0.2132007163556104,-0.30860669992418377
V,10.01574074074074,-1.1518139912122913,0.4572504722394586,0.41267217990250865,-0.743483081365611,0.23087306282358785,-0.31038630659807687,-0.15935275187368544,-0.7230372985239428,-1.37212925276192,-0.5268695692817383,-0.860539121252313,0.3340997586180707,-0.671297440253382,-0.0410166690668658,-0.5669276332283545,-0.22261177375902502,-0.702544483427375,0.833572592757476,-0.6561131873079828,0.6618613999377833,-0.8061763898935358,-1.002061878898355,-1.0882744757883014,-0.11304490891613543,-0.21320071635561044,-0.3086066999241838,-0.5215960900325557,-0.6825818463542701,-0.4584129685470968,-0.3083934307299974,0.9738500766261652,-0.35257114610823137,-0.4803513341256328,-0.6944047836567119,-0.8829770482511788,-0.43233050054288447,1.4341276548871411,0.759274649878858,-0.695144958354215,-0.5119679414974954,-0.4821244475730771,-1.3734289404146947,-0.8845271701510339,2.235425590703904,-0.21320071635561041,-0.5351271654251321,-0.6611599771640452,0.3459405958145158,-0.6212181795562318,-0.6110410890800477,2.7551291559715523,-0.4555910642921827,-0.7699758852779343,-0.6260171541907948,-0.6497775700644358,-0.34012356439531743,0.4466867945678274,-0.46240045988831996,2.218121315451649,0.9721824265203847,-0.2132007163556104,-0.3086066999241838,-1.1920791213585393,0.7223712639000042,-0.30860669992418355,-0.30860669992418377,-0.4588314677411239,-0.2132007163556104,-0.42874646285627216,-0.2132007163556104,-0.30860669992418377
W,10.626393927941548,-0.07676456979014362,0.42318653224624614,1.9186060278841421,1.41782650296534,0.23108060160579122,-0.3104993935651201,-0.9261257248456315,0.26821538330762623,1.9435076046664979,-0.5268820315404119,-0.9189498975224628,0.32482223273515926,-0.24036098531741865,0.9969001895778105,-0.04332729085152057,0.418482470734132,2.6492619632783443,-1.8453438547581649,2.8996232241368487,-2.1681666549686,0.26877436741052124,-1.0680313856412065,0.3385455986512544,-0.11304490891613543,-0.21320071635561044,-0.3086066999241838,-0.5215960900325557,-0.6825818463542701,-0.4584129685470968,-0.3083934307299974,1.4833341843489767,0.37608173438381964,3.76031352804414,-0.6944047836567119,1.6196927622984283,1.504652228822026,-0.4955610854251464,-0.36678629833189363,-0.695144958354215,2.3199504444218264,-0.4821244475730771,-0.4068263260077793,0.8800953305347882,-0.4584302776942327,4.690415759823429,-0.5351271654251321,-0.6611599771640452,-0.92284956295877,0.5985683545982947,2.321311414959318,-0.4409256426861674,2.913480305855458,0.6254308944587326,-0.6260171541907948,-0.2342086953038463,0.6687242388143383,0.32525055492353283,1.4615451223321765,-0.5221691494298132,-1.9166585774274576,-0.2132007163556104,3.24037034920393,-1.1920791213585393,2.0734934136582623,-0.30860669992418355,-0.30860669992418377,-0.4588314677411239,-0.2132007163556104,1.5434872662825798,-0.2132007163556104,-0.30860669992418377
Y,10.396195830183926,-0.6929884336104812,0.3834192947892825,1.247928814072491,0.8460341463799032,-4.682938649491044,2.3671280223746733,-1.323481759422186,-1.1042883299976225,-0.005795382942516829,-0.5268753783567623,-0.8499741770282789,-0.013828285952541779,-0.3958999429074758,0.6288243940226838,-0.04922123740893586,0.41370019576659217,0.8210801900742767,-1.1965541957107324,1.1572935108680453,-1.5747736757140354,0.43354961860450675,-0.3598758634179492,0.37362905509800703,2.626265904005378,-0.21320071635561044,-0.3086066999241838,-0.5215960900325557,-0.6825818463542701,-0.4584129685470968,-0.3083934307299974,0.773090004234496,1.9690378566861846,-0.4803513341256328,-0.6944047836567119,-0.8829770482511788,-0.43233050054288447,-0.4955610854251464,-0.36678629833189363,-0.695144958354215,1.8328280736650837,-0.4821244475730771,-0.3830589559438393,0.8800953305347882,-0.4584302776942327,-0.21320071635561041,-0.5351271654251321,-0.6611599771640452,1.6864516320550458,-0.6212181795562318,0.3797051742703525,2.359359957472405,-0.4555910642921827,-0.7699758852779343,0.4874017684862138,1.8678843128470757,0.08714544856882869,0.5428355311977457,-0.21880352534743233,-0.5221691494298132,-1.7278454399145269,-0.2132007163556104,-0.3086066999241838,0.3311330892662611,1.0921587211793475,-0.30860669992418355,-0.30860669992418377,-0.4588314677411239,-0.2132007163556104,-0.42874646285627216,-0.2132007163556104,-0.30860669992418377
s,9.982028533635676,1.1184308429686947,-2.563657748666866,-0.9210859664066234,0.9423587464280012,0.24105413429433056,-0.31593392753741656,-0.10432119878957405,-0.2724678976914122,-0.08032268493266555,1.8365485962493178,0.9668849421733444,0.9433778176913057,-0.6019784501487849,1.780536417610874,-0.469149696567212,-0.057751579564261926,-0.13967308624925517,1.0033792886935449,0.1966263424454644,0.9129122757762529,0.3193472696584742,2.1262779370074107,1.713510434783799,-0.11304490891613543,-0.21320071635561044,-0.3086066999241838,2.1289368373912065,0.9530048603732301,2.118344931515909,-0.3083934307299974,-0.6473983559944653,-1.1075020517287035,-0.4803513341256328,1.1623922850740063,0.9126537617464592,-0.43233050054288447,-0.4955610854251464,-1.340338812854482,1.153064166029753,-0.5119679414974954,-0.4821244475730771,1.8059985411756287,1.6133296293606445,-0.4584302776942327,-0.21320071635561041,2.116387385722135,1.4505610727354665,-0.92284956295877,-0.6212181795562318,-0.6110410890800477,-0.4409256426861674,-0.4555910642921827,0.4965760135186691,1.507885850209633,-0.6787787944258299,-0.4748924136404346,-0.4639195532731779,-0.46240045988831996,-1.0687538143925535,0.34909907272771246,-0.2132007163556104,-0.3086066999241838,1.8543452998910617,-1.2343521715223715,-0.30860669992418355,-0.30860669992418377,-0.4588314677411239,-0.2132007163556104,-0.42874646285627216,-0.2132007163556104,-0.30860669992418377
t,10.192445200302343,2.622853210539195,-2.6098379409074317,-0.6432849945052765,1.290502308621939,0.24249814004759399,-0.31672075990337645,-0.3611351131820925,-0.7230372985239428,-0.4840122373793079,1.836548781878185,-0.04698715590873459,1.9049418377742913,-1.7091260336314116,1.893166675912922,-1.6855818599502221,-0.8978850347024699,-0.10281930979486338,1.8464557044038121,0.4219831561305037,0.9129122757762528,0.4961729398297762,0.9346118991931919,1.713510434783799,-0.11304490891613543,-0.21320071635561044,-0.3086066999241838,2.1289368373912065,0.9530048603732301,2.118344931515909,-0.3083934307299974,-0.6473983559944653,-0.2242600479407229,-0.4803513341256328,1.0210529704364397,0.9126537617464592,-0.43233050054288447,-0.4955610854251464,0.6349774832282482,-0.695144958354215,-0.5119679414974954,-0.4821244475730771,1.708462103311075,1.6133296293606445,-0.4584302776942327,-0.21320071635561041,2.0239738813717723,1.4505610727354665,-0.92284956295877,-0.6212181795562318,0.6219465210844609,-0.4409256426861674,-0.4555910642921827,0.4965760135186691,1.507885850209633,-0.6323874150487043,-0.4112544193281933,-0.46843600177948197,-1.5609101714707185,0.37597329726405165,0.7385261688481325,-0.2132007163556104,-0.3086066999241838,1.8543452998910617,-0.7428625131131187,-0.30860669992418355,-0.30860669992418377,-0.4588314677411239,-0.2132007163556104,-0.42874646285627216,-0.2132007163556104,-0.30860669992418377
y,10.527171014628175,-1.2022974261356605,-2.5324861099081772,0.562020183866134,2.8310754211149796,0.23107921951573454,3.934946997703434,-1.4768728757109288,-1.3061271113660418,-0.3272857052529651,1.8365487558048723,-0.8502743141839668,0.5882588978666011,-0.8170780609363878,1.8702522120283207,-0.05142680473272905,0.4108416638397101,1.1550689971684465,-1.111740035034623,2.4481100221710377,-1.2324315722979413,1.8088966504810728,1.3566239609403348,0.2067899461170898,2.626265904005378,-0.21320071635561044,-0.3086066999241838,2.1289368373912065,2.8559001606637544,2.118344931515909,-0.3083934307299974,0.773090004234496,1.969037856686185,-0.4803513341256328,-0.6944047836567119,0.9126537617464592,-0.43233050054288447,-0.4955610854251464,-0.36678629833189363,-0.695144958354215,1.8328280736650837,1.0681166893708796,0.52464683527735,2.1346990858461004,-0.4584302776942327,-0.21320071635561041,0.9023364726488673,1.4505610727354665,1.6864516320550458,0.43569067285032104,-0.6110410890800477,-0.4409256426861674,-0.4555910642921827,0.4965760135186691,1.507885850209633,-0.5488761953743095,0.019172679338502564,0.0655414349483069,-0.3461547963316109,-0.5221691494298132,-1.7278454399145269,-0.2132007163556104,-0.3086066999241838,1.8543452998910617,0.7959998304879534,-0.30860669992418355,-0.30860669992418377,-0.4588314677411239,-0.2132007163556104,-0.42874646285627216,-0.2132007163556104,-0.30860669992418377
