kinase,UMAP1,UMAP2,UMAP3,UMAP4,UMAP5,UMAP6,UMAP7,UMAP8,UMAP9,UMAP10,UMAP11,UMAP12,UMAP13,UMAP14,UMAP15,UMAP16,UMAP17,UMAP18,UMAP19,UMAP20,UMAP21,UMAP22,UMAP23,UMAP24,UMAP25,UMAP26,UMAP27,UMAP28,UMAP29,UMAP30,UMAP31,UMAP32
AAK1,9.291534,3.7783098,3.016016,3.9636693,4.1759257,6.537927,6.6194396,6.128846,5.6811976,6.390646,2.5097597,5.7956862,6.06283,6.496509,6.186214,5.1491027,6.59796,5.721894,3.3811977,6.7625637,3.3844235,6.742069,4.4267735,2.9613523,4.7950854,4.706568,3.8971276,5.944126,2.6485405,6.8356323,4.3648534,6.29309
ALK2,8.855733,4.2349157,3.291893,4.6398067,4.166615,6.550866,6.5668287,6.271428,6.144941,6.2899885,2.5956974,6.005889,6.12284,6.2022233,6.0363097,4.717762,6.7546134,5.4509225,3.3758478,6.51354,3.030277,6.5856085,4.302457,4.0122685,5.4000783,4.723761,4.0116835,5.5155454,2.4884102,7.040944,4.294065,6.0275197
ALK4,8.82256,4.262677,3.334391,4.7002435,4.1762486,6.5368276,6.561515,6.290701,6.182266,6.2682686,2.6101856,6.023081,6.1273193,6.1729965,6.012446,4.6913667,6.756693,5.445608,3.381806,6.4944134,3.008179,6.5666857,4.2802973,4.083508,5.4415164,4.736486,4.033612,5.4832425,2.485188,7.039859,4.3055816,6.0072417
ACVR2A,8.9008875,4.308892,3.2993946,4.6181493,4.1773553,6.545955,6.6124377,6.2499022,6.1883554,6.2272344,2.6417303,5.9426923,6.169909,6.136169,5.969223,4.6478095,6.6834946,5.484116,3.336301,6.444231,3.0692108,6.5069394,4.2735214,3.9907787,5.3744364,4.804667,4.060817,5.575648,2.49204,7.015532,4.318805,6.0122867
ACVR2B,8.866237,4.290089,3.2927759,4.6317563,4.150151,6.563388,6.6134505,6.241901,6.192051,6.2524457,2.6519856,5.9550853,6.169389,6.155069,5.9752297,4.65726,6.705648,5.448877,3.3342836,6.450958,3.0497599,6.519381,4.278029,4.009343,5.4022307,4.789906,4.067578,5.5569024,2.468232,7.0456777,4.293168,5.9921756
AKT1,9.780844,3.6649034,1.8382126,2.9475281,4.086444,6.8175154,6.3918185,6.1177897,4.8698826,5.678712,1.8773892,5.9924755,6.3093696,7.404449,6.244651,5.7012196,6.092861,5.9351125,2.7799828,7.4421926,4.2923326,6.690678,4.5284696,1.9741554,4.6092496,4.9211493,3.6509678,6.6145096,3.38031,6.7392087,4.7364464,6.6024284
AKT2,9.831683,3.7498543,1.870355,2.8606312,4.2815332,6.789791,6.3951316,6.15467,4.833341,5.5420685,1.8055215,6.0411325,6.3197913,7.188547,6.190403,5.6639876,5.906847,6.071914,2.7879872,7.526784,4.442331,6.537533,4.5722585,1.9950608,4.6052537,4.9590793,3.671738,6.696055,3.4717333,6.6354456,4.8678474,6.6240315
AKT3,9.758907,3.5812833,1.7924308,2.900655,4.010096,6.7775655,6.35842,6.12287,4.792048,5.6980176,1.8912926,6.0005865,6.2463565,7.496704,6.2687125,5.798174,6.1081285,5.930811,2.7892199,7.4932384,4.2802877,6.728908,4.4986887,1.9427567,4.5353837,4.889068,3.6778104,6.6085014,3.3960016,6.7242813,4.7402334,6.5852885
ALPHAK3,9.848755,5.1907682,2.7819936,3.5451698,5.218685,6.500978,7.188517,5.9819508,5.9115973,6.09371,2.4553173,5.251757,6.2342777,5.3414183,6.1264205,4.1526623,5.3829117,6.389219,3.166844,6.2715983,3.7349806,6.0363474,4.795796,2.7163754,4.2329693,5.026711,3.936595,6.233061,2.5700247,6.635335,4.380807,6.382383
ATM,9.903405,5.686859,2.3708751,3.5410044,5.0308776,6.7708645,7.184498,5.7113895,6.1041927,6.003301,2.4696782,5.0376987,6.405663,5.071943,6.2404323,3.8140817,5.3217545,6.1616607,2.787452,5.959289,3.453326,6.156095,4.876078,2.4397337,4.3371124,5.2859178,3.6782618,6.0595756,2.313974,6.8589787,4.0397077,6.431001
ATR,9.884828,5.6717052,2.3640456,3.5977914,4.980879,6.7820373,7.2233315,5.7280335,6.1583605,5.961255,2.416202,5.079474,6.4244485,5.106761,6.235513,3.8182323,5.3312435,6.113957,2.742463,5.9635444,3.4473267,6.159277,4.841231,2.4074788,4.385656,5.3296294,3.6957905,6.0072155,2.3131464,6.864728,3.9933293,6.387534
AURA,9.6244135,4.147257,2.144841,3.0597816,4.471933,6.5503864,6.838147,5.877741,5.3391504,6.2070312,2.3531618,5.519094,6.148304,6.6033926,6.458359,5.0268607,5.893831,6.005443,2.9050264,6.5927434,3.8343964,6.633199,4.7691355,1.9843792,4.262176,4.9790916,3.7979586,6.453262,2.7789404,6.7554116,4.245592,6.4337935
AURB,9.437183,3.8443718,2.2682536,3.5093105,3.9820778,6.671459,6.640108,5.964931,5.4863124,6.3268647,2.3904245,5.6602235,6.1744547,7.0724196,6.377815,5.1826386,6.474107,5.6184063,2.9748604,6.6753035,3.5350804,6.8795724,4.5080132,2.298402,4.6650834,4.849974,3.750542,6.1515584,2.692639,6.970191,4.17158,6.34368
AURC,9.374141,3.7260866,2.287814,3.583403,3.856595,6.673658,6.567052,6.009939,5.4855556,6.357328,2.4024432,5.7334414,6.148886,7.1953764,6.360318,5.2781854,6.6135325,5.5257707,3.0132513,6.740409,3.4749994,6.9415064,4.4273496,2.3523948,4.739127,4.7886033,3.7539957,6.085568,2.696204,7.005956,4.179264,6.307211
BCKDK,10.178865,4.7379923,2.2409031,3.0864792,4.8780036,7.0385838,6.950291,5.888517,5.3226643,5.280062,1.9823377,5.259171,6.331468,5.9598927,5.8630166,4.9207706,5.091859,6.3979335,2.866779,7.010209,4.432324,6.089787,4.8272276,2.41734,4.083771,5.1566544,4.094648,6.5904694,3.3244479,6.78621,4.9308805,6.7382693
BIKE,9.299152,3.8600478,2.881836,3.9424007,4.144633,6.6034503,6.6477723,6.09098,5.7312574,6.354847,2.4895267,5.7480435,6.1329775,6.5815887,6.199758,5.0780444,6.5727334,5.659212,3.278055,6.676487,3.3766994,6.7422934,4.445848,2.8988235,4.8490396,4.7663774,3.8587976,5.9457054,2.6190891,6.907677,4.3019223,6.284151
BMPR1A,8.820293,4.2780046,3.3346474,4.7247996,4.200127,6.518587,6.55724,6.3035655,6.213545,6.2560425,2.6212249,6.0417933,6.136032,6.1618395,5.972014,4.6418095,6.7574506,5.4627833,3.38447,6.455062,2.9969196,6.517793,4.257198,4.105183,5.4510117,4.7567015,4.0524764,5.4666667,2.494007,7.024431,4.325048,5.998111
BMPR1B,8.834805,4.239988,3.316025,4.6653,4.163474,6.5493326,6.5703993,6.274708,6.1560907,6.2796826,2.6045127,6.000801,6.12642,6.191209,6.036703,4.726108,6.7502446,5.4439874,3.3734486,6.515346,3.0238712,6.5951233,4.296119,4.0403123,5.4189744,4.7284393,4.020853,5.503581,2.4829686,7.043603,4.294924,6.01709
BMPR2,9.669062,4.9630694,2.8136172,3.3094275,5.2245736,6.4293838,7.113222,5.9455132,5.8484807,6.162113,2.5081623,5.448456,6.1579704,5.2809463,6.2800426,4.3100753,5.494597,6.3258624,3.2459114,6.3180084,3.810023,6.2008243,4.9197536,2.4757364,4.206546,4.9921393,3.941471,6.339926,2.6594405,6.5987477,4.3842015,6.4234743
BRAF,9.002964,4.1721225,3.199795,4.436297,4.1932535,6.5513473,6.6116643,6.2201133,6.0623674,6.276561,2.584197,5.903257,6.146012,6.2458954,6.0468254,4.7798753,6.660487,5.53984,3.3408203,6.524114,3.1461112,6.583269,4.327087,3.6780849,5.2345963,4.771567,3.9928715,5.655986,2.5329587,6.979353,4.3248696,6.0960217
BRSK1,9.547252,3.730049,3.2089627,3.4077783,4.716897,6.31157,6.684844,6.2375126,5.2816772,6.231073,2.4366648,5.896139,5.878835,5.928355,6.1674905,5.3777747,6.0475717,6.30191,3.6454523,7.138606,3.9679253,6.5201006,4.602817,2.7998855,4.1811094,4.5695405,3.9814675,6.3697524,3.0120726,6.410676,4.8047724,6.55549
BRSK2,9.496533,3.4776173,3.2366211,3.5141747,4.548665,6.333091,6.6312366,6.2566853,5.228945,6.295978,2.454878,5.9288225,5.8374343,6.096421,6.1641884,5.5724654,6.2528043,6.227862,3.7068143,7.1952424,3.8720388,6.6055903,4.5306454,2.8411438,4.234967,4.5292244,4.0143456,6.288876,2.9831078,6.4312487,4.784822,6.513563
BUB1,9.799627,5.2507405,2.7905543,3.4717233,5.278651,6.4886103,7.1871543,5.94591,5.911181,6.1192236,2.492647,5.209443,6.2637053,5.3246055,6.1771054,4.106442,5.3554635,6.407267,3.1597366,6.204244,3.7180448,6.035605,4.88965,2.6906133,4.2137194,5.087061,3.8981683,6.328266,2.5014174,6.6253495,4.3356285,6.41653
CAMK1A,9.8672905,4.0657053,2.184706,3.5417616,4.0510755,7.172994,6.8472443,5.8426924,5.6749635,6.1919985,2.1823602,5.470101,6.591443,7.013745,6.2784004,4.7962575,6.4748583,5.6250772,2.7962463,6.597127,3.8811693,6.978225,4.6331916,2.0915813,4.9489055,4.9307013,3.5959878,6.3891544,2.9131625,7.2469783,4.1951013,6.6564164
CAMK1D,9.871376,4.112828,2.1962175,3.569955,4.079626,7.177672,6.88075,5.8178124,5.7133827,6.1792355,2.19507,5.4032264,6.60408,7.00304,6.2600565,4.739809,6.4464593,5.647619,2.8014326,6.5432544,3.8340073,6.9454393,4.6593914,2.1032271,4.915035,4.9839168,3.599907,6.3730035,2.847718,7.249758,4.1783767,6.6470323
CAMK1G,9.786751,4.2065086,2.2177842,3.5760434,4.1078625,7.0885286,6.863032,5.8232813,5.741906,6.191371,2.2518585,5.3812475,6.5517836,6.95669,6.2767596,4.7055297,6.36302,5.6437087,2.8084219,6.479325,3.7285147,6.876932,4.664094,2.1859674,4.8411117,5.016173,3.621425,6.316823,2.7516975,7.1913657,4.1321297,6.5809784
CAMK2A,9.260803,2.9207454,3.679851,3.9451468,4.28625,6.1480494,6.455182,6.352887,5.275423,6.6513014,2.6444402,6.121659,5.632664,6.2356296,6.177847,5.8877554,6.9587674,5.986363,4.073398,7.3224163,3.4680822,6.8350477,4.3621006,3.0276968,4.4084272,4.299985,4.083079,5.992066,2.8809624,6.3968244,4.7428327,6.3629994
CAMK2B,9.325979,3.078975,3.5815456,3.8277385,4.3754506,6.181435,6.4966354,6.3286214,5.253282,6.5613017,2.5951838,6.0767694,5.6737537,6.1669526,6.1725907,5.801214,6.7691345,6.06099,3.994258,7.3075356,3.5798283,6.7739058,4.407327,2.9760551,4.343793,4.353373,4.066629,6.076678,2.9189298,6.3876343,4.7677813,6.408919
CAMK2D,9.237997,2.9378655,3.6389089,3.9332435,4.2694135,6.182985,6.476911,6.356235,5.302612,6.6454678,2.6534843,6.1010165,5.658557,6.2550244,6.198287,5.871823,6.9404125,5.9605837,4.052537,7.291585,3.4767199,6.840146,4.3472342,3.0187566,4.441161,4.3302116,4.082969,6.001298,2.8609054,6.4344544,4.710902,6.3581424
CAMK2G,9.26283,2.9194853,3.6924224,3.9700933,4.289247,6.1425743,6.4499617,6.343492,5.272952,6.6472588,2.633372,6.1260586,5.63182,6.2248874,6.1651497,5.8770967,6.957663,5.990219,4.0757155,7.333852,3.457847,6.822413,4.368168,3.0446074,4.403559,4.3013196,4.076372,5.978468,2.878434,6.385581,4.75235,6.3565903
CAMK4,9.713819,4.4912663,2.6174254,3.2394125,4.8138003,6.7290936,6.860175,5.940991,5.628555,6.0152407,2.2914248,5.552179,6.373557,6.0773287,6.2555075,4.6950684,5.82112,6.1892157,3.1071928,6.583733,4.010894,6.4885163,4.918468,2.365685,4.4853525,5.055856,3.749227,6.5588675,2.862572,6.729341,4.465008,6.6455936
CAMKK1,9.66156,4.0274954,2.3025851,3.6655607,4.027063,7.0032096,6.7911873,5.8755813,5.7046056,6.2301326,2.2971816,5.4514093,6.4545994,7.040389,6.2609463,4.882426,6.4717126,5.605693,2.9072006,6.5444965,3.616007,6.888036,4.5953116,2.3095856,4.811842,4.969203,3.669099,6.2114816,2.7057078,7.157981,4.159555,6.5034
CAMKK2,9.625739,4.5104976,2.824385,3.2732956,4.916202,6.6351943,6.8149514,6.0185404,5.6616015,5.97927,2.337007,5.69636,6.280451,5.7933297,6.209031,4.7351203,5.797988,6.2434454,3.2688093,6.65475,4.038985,6.4202075,4.8949986,2.5153875,4.4606752,4.972671,3.8627105,6.4960794,2.936964,6.653483,4.6053734,6.6241226
MRCKA,9.916378,3.8218186,2.0275686,3.0522528,4.2144513,6.975849,6.4884467,6.1205993,4.9466915,5.65508,1.9179794,5.8489876,6.3361754,7.1307235,6.117606,5.616211,5.9186625,6.0628963,2.9341364,7.4088044,4.3328424,6.6709595,4.5922084,2.143376,4.29061,4.891947,3.7866135,6.629144,3.435551,6.80814,4.8388925,6.7240076
MRCKB,9.87124,3.901234,2.0289376,3.032378,4.284718,6.9283233,6.4871893,6.1307592,5.005642,5.619093,1.9059721,5.904355,6.3603687,7.0618606,6.1353917,5.524696,5.8997707,6.048605,2.892711,7.3907447,4.3434234,6.603093,4.6102185,2.1414046,4.446464,4.9278274,3.751584,6.628278,3.4197037,6.775442,4.832148,6.682825
CDC7,9.732317,5.2443438,2.6257555,3.3395567,5.18162,6.5070934,7.164902,5.859917,5.9156713,6.121193,2.4902692,5.273146,6.239006,5.4294024,6.279345,4.10364,5.387785,6.2711673,3.0664656,6.1638465,3.7026405,6.146097,4.928096,2.4833262,4.2271543,5.1021476,3.8780136,6.328451,2.5289204,6.6822906,4.2359705,6.4112864
CDK1,9.362,3.0672443,1.7819303,3.0517385,3.391751,6.4927835,6.1893477,6.1177106,4.6859546,6.1135926,2.1741207,6.1018395,5.930162,8.101478,6.4658794,6.175161,6.7714725,5.5703487,2.8678827,7.400099,3.7950048,7.118678,4.2517343,1.9667956,4.633775,4.6623135,3.6993272,6.2976894,3.130302,6.7744393,4.445316,6.3620944
CDK10,9.319273,3.2763085,2.0159578,3.3908758,3.5195332,6.659912,6.32597,6.02306,4.995734,6.399448,2.3677278,5.8771043,5.9289055,7.876195,6.4329467,5.8690934,6.7745695,5.5173345,3.0909564,7.045347,3.5433881,7.216835,4.2928042,2.0913432,4.39517,4.6563964,3.8069131,6.1487927,2.8603601,7.0048504,4.237265,6.3605704
CDK12,9.353234,2.984364,1.912869,3.136322,3.416289,6.547761,6.2065673,6.1048017,4.689181,6.2163296,2.2181413,6.0564094,5.8921666,8.064803,6.4319997,6.2437377,6.7688212,5.603138,3.0047233,7.369518,3.767852,7.1682315,4.257671,2.0242536,4.4455867,4.614552,3.7785625,6.281464,3.1029718,6.812618,4.4511204,6.4016604
CDK13,9.336252,2.8947883,1.9558296,3.1059673,3.393784,6.4658766,6.1814895,6.1266212,4.6295147,6.22151,2.2302487,6.0955048,5.839712,8.041474,6.4447207,6.33059,6.7998056,5.6259356,3.031693,7.3915324,3.7649329,7.167889,4.238785,2.034611,4.4066386,4.5901623,3.788492,6.2837257,3.1217988,6.7467155,4.470609,6.3868732
CDK14,9.7772875,3.7087145,2.2348378,3.012597,4.309043,6.618094,6.6133146,6.009905,5.043831,5.920986,2.074793,5.727795,6.1496563,6.842211,6.277685,5.4808517,6.0292263,6.113386,2.950641,7.0668154,4.15363,6.6353955,4.6152787,2.0474389,4.3155956,4.8870673,3.749429,6.5805273,3.1434405,6.6378446,4.6139364,6.612977
CDK16,9.376569,2.933437,2.0202408,3.1543477,3.4947631,6.605215,6.2290096,6.094187,4.6648374,6.2394333,2.215125,6.016047,5.8776946,7.9960065,6.385506,6.291205,6.697,5.698211,3.104814,7.3803897,3.8233933,7.159512,4.28714,2.06514,4.2878795,4.5862007,3.8521626,6.326104,3.1342728,6.8047476,4.5175056,6.480885
CDK17,9.829636,3.7506409,2.120484,2.9414372,4.335809,6.6679764,6.624326,6.010335,5.005798,5.859332,2.0316079,5.719124,6.202101,6.902282,6.284453,5.4815235,5.9314895,6.125985,2.883055,7.1132607,4.2184057,6.6078854,4.646185,1.9818145,4.314777,4.9258766,3.7267807,6.6307425,3.1870189,6.6504016,4.6319804,6.620966
CDK18,9.811408,3.784804,2.1619306,2.9714897,4.35191,6.660748,6.644508,5.993081,5.0731072,5.8891354,2.051297,5.6999855,6.212835,6.8485985,6.294879,5.409054,5.9597125,6.109526,2.8807664,7.0433893,4.184014,6.6079545,4.657767,1.9864275,4.3560295,4.9362807,3.7142146,6.6136794,3.142251,6.6630816,4.5937366,6.6148186
CDK19,9.447932,2.9541986,2.2973156,3.1408165,3.6684306,6.4272933,6.2968,6.114826,4.6536016,6.267401,2.290557,5.991746,5.760785,7.5033674,6.3552494,6.26082,6.635177,5.903248,3.254231,7.2509646,3.8449566,7.0928845,4.3359256,2.1533961,3.9706752,4.555181,3.93222,6.379203,3.1432385,6.6305075,4.56868,6.5293927
CDK2,9.355519,3.0402482,1.8146056,3.089953,3.3966687,6.5268345,6.1876416,6.1139636,4.673836,6.1502147,2.1958668,6.083166,5.9083095,8.101953,6.446846,6.203464,6.772522,5.58037,2.9047472,7.3977585,3.777539,7.147748,4.2477846,1.99431,4.597426,4.6380954,3.7268627,6.2829695,3.120698,6.802024,4.4504457,6.3779883
CDK3,9.377609,3.1051862,1.7541245,3.0377963,3.4073513,6.4996285,6.1973343,6.117752,4.709874,6.093413,2.1533763,6.105336,5.9584103,8.10195,6.475362,6.140953,6.7509623,5.554782,2.8427978,7.4025493,3.8098903,7.096016,4.26044,1.9462795,4.6654263,4.6877675,3.675472,6.30368,3.1336694,6.7792616,4.4368434,6.3476415
CDK4,9.364581,3.2976444,1.9338809,3.4446976,3.455544,6.7459736,6.3909163,5.9928584,5.054821,6.476709,2.3665833,5.8185287,5.9886293,7.9620543,6.40514,5.840203,6.84557,5.4863586,3.0710907,7.047751,3.5504527,7.2916646,4.324948,2.083613,4.421867,4.6254745,3.8151398,6.143718,2.8295398,7.0881376,4.2095637,6.408589
CDK5,9.355587,3.04238,1.8176981,3.0832207,3.396715,6.506241,6.192685,6.115893,4.693885,6.148815,2.1896684,6.0917387,5.919834,8.09369,6.461906,6.194471,6.7763233,5.5635257,2.904874,7.387712,3.773762,7.134114,4.2494535,1.9836937,4.591376,4.6526,3.7146113,6.2805114,3.113547,6.792583,4.4341707,6.3576927
CDK6,9.348347,3.3117752,1.9587622,3.4241042,3.4807441,6.7035956,6.381326,6.008896,5.043582,6.4568396,2.385258,5.842156,5.964242,7.937479,6.4261966,5.8314233,6.8187695,5.4877734,3.0724094,7.029481,3.533047,7.262111,4.3208613,2.095895,4.457011,4.6429935,3.7969072,6.1316915,2.8195148,7.056799,4.2027726,6.3730435
CDK7,9.353256,3.2978892,1.9519291,3.415443,3.4846697,6.6985507,6.3690667,6.0115633,5.0300856,6.4378524,2.3749208,5.84864,5.9631457,7.9512367,6.419247,5.8442245,6.799777,5.504438,3.0744727,7.042383,3.5504713,7.250791,4.3210964,2.0915902,4.459788,4.6499476,3.8017397,6.145314,2.8355286,7.04441,4.2211976,6.3774323
CDK8,9.452581,2.9376698,2.2392213,3.11428,3.617551,6.4379463,6.2878337,6.0965652,4.6365285,6.2584276,2.2725704,5.974735,5.7739587,7.5594673,6.3752666,6.2732534,6.6684813,5.8641214,3.201653,7.230639,3.831241,7.1155267,4.319761,2.1015296,4.02427,4.5717216,3.901523,6.375741,3.1314704,6.6543093,4.5298886,6.5152626
CDK9,9.325313,3.1574368,1.8710274,3.3216777,3.4013684,6.688054,6.284355,6.0306573,4.9059563,6.3725433,2.3113127,5.919311,5.934428,8.068669,6.440684,5.988546,6.8511615,5.4985447,3.023211,7.158023,3.593673,7.2587404,4.2671003,2.0208287,4.3942513,4.629974,3.7917664,6.1806445,2.9203496,7.0005317,4.2675343,6.400617
CDKL1,9.291057,3.1315773,1.9105945,3.2654424,3.3934495,6.5428147,6.2497373,6.082323,4.8633113,6.3008194,2.3077192,6.009081,5.9120603,8.039594,6.480216,6.032174,6.863569,5.460642,2.9783552,7.2011485,3.5799336,7.193254,4.2371993,2.053771,4.555592,4.6469316,3.7257857,6.1512856,2.9394877,6.912572,4.277593,6.2944407
CDKL5,9.295148,3.2454667,1.8533432,3.3506074,3.397943,6.660973,6.3224244,6.0296597,5.0014424,6.3780227,2.3424914,5.913429,5.9702454,8.024533,6.4824243,5.8789816,6.893032,5.4149413,2.9620433,7.0856395,3.5077083,7.2285633,4.2674484,2.029232,4.5026283,4.6680603,3.7282927,6.1163273,2.8404617,7.0218477,4.175932,6.3271213
CHK1,9.719952,4.748913,2.3732653,3.349537,4.6197085,6.8691125,6.923719,5.8076077,5.765067,6.0121727,2.31363,5.300857,6.476208,6.356453,6.261406,4.4349947,5.7687225,5.977818,2.8544407,6.3195014,3.7532148,6.498165,4.890952,2.3455534,4.5716124,5.212209,3.6845632,6.4517813,2.6104357,6.915627,4.1905766,6.5696783
CHK2,9.637485,5.1665006,2.4333231,3.2930942,4.8562045,6.768138,7.0030212,5.732091,5.907811,6.0135,2.4136138,5.1698775,6.470023,6.0230794,6.302357,4.135579,5.5393796,6.0421457,2.8087876,6.0515747,3.6032774,6.341967,5.032028,2.4439735,4.5089197,5.356839,3.6482062,6.468407,2.3841438,6.8526783,4.0551705,6.535906
IKKA,9.80629,5.5270667,2.3609312,3.597602,4.9162,6.763521,7.22847,5.7112083,6.1926255,5.974905,2.4028115,5.162914,6.4207215,5.184254,6.287973,3.86058,5.3785105,6.032399,2.7098277,5.9414363,3.4397132,6.2170796,4.873539,2.3032677,4.4456635,5.383467,3.6898422,6.004928,2.2932386,6.859878,3.931671,6.347905
ICK,9.641995,4.918929,2.787766,3.2596676,5.2026353,6.4452333,7.1034985,5.924308,5.8516817,6.165302,2.5037415,5.4711566,6.1674438,5.3026943,6.3104863,4.329227,5.5226994,6.28856,3.2269182,6.3084817,3.8203447,6.2452464,4.944604,2.3884585,4.2310696,5.007851,3.9297478,6.3524213,2.6702266,6.617035,4.36471,6.4286833
CRIK,9.792953,4.504922,2.2047005,3.1762843,4.5416317,6.869457,6.828627,5.869383,5.5005827,5.8804026,2.193649,5.428765,6.4190884,6.5680757,6.2422037,4.768475,5.7253222,6.0387287,2.8263397,6.6204014,3.9526212,6.5103846,4.8331037,2.197733,4.4604807,5.1560335,3.7173963,6.5347714,2.848079,6.8549533,4.3729033,6.6060667
CLK1,9.346967,2.8494017,1.8805935,3.2367067,3.2856243,6.7378063,6.2081594,6.035331,4.637643,6.40977,2.2681963,5.947769,5.844271,8.2717,6.381023,6.356256,6.8559737,5.6282187,3.1274886,7.362657,3.7440035,7.372573,4.250487,1.999169,4.1157637,4.5080404,3.9230154,6.29116,3.079224,6.9503593,4.442627,6.556749
CLK2,9.354701,2.7812035,1.9685918,3.181477,3.3240771,6.648365,6.188575,6.06765,4.564837,6.3766837,2.2666156,5.990232,5.7894464,8.180392,6.3777056,6.441766,6.824428,5.7079735,3.1733174,7.392973,3.7860107,7.3345113,4.248119,2.0246356,4.0378404,4.4900393,3.943795,6.325581,3.131287,6.852712,4.5050817,6.561723
CLK3,9.652236,4.3832984,2.8153527,3.2670546,4.85879,6.6938725,6.7625113,6.02014,5.607502,5.9685135,2.292329,5.737379,6.328554,5.9117346,6.214216,4.844146,5.901068,6.2635965,3.2817624,6.725528,4.124191,6.5042048,4.9150343,2.4948788,4.507992,4.965074,3.816054,6.5587583,3.0155175,6.6630573,4.644467,6.7044454
CLK4,9.346125,2.8663137,1.8686591,3.2485716,3.28178,6.750162,6.2124414,6.0303035,4.653853,6.414964,2.2694678,5.940132,5.853852,8.278812,6.381057,6.3359413,6.8600464,5.6143384,3.1211972,7.3551445,3.7356024,7.3773203,4.2509995,1.9963259,4.130678,4.5115066,3.9192295,6.284196,3.0690112,6.9677434,4.431297,6.553959
CK1A,9.326696,2.6450756,2.0891144,2.9920466,3.394478,6.1831994,6.177619,6.164672,4.4983754,6.2261863,2.2652435,6.1633787,5.7143703,7.794391,6.4605002,6.53169,6.8365216,5.7470326,3.084184,7.3554626,3.781971,7.118149,4.2389364,2.061297,4.2122803,4.5456457,3.8209257,6.3281035,3.1502905,6.505275,4.5172234,6.3803735
CK1A2,9.33817,2.672757,2.0449147,2.9439797,3.384798,6.1526766,6.1701493,6.1686287,4.5019293,6.1764474,2.2397468,6.180033,5.722883,7.8124237,6.4700503,6.50461,6.8334484,5.7573195,3.0272272,7.366172,3.8167655,7.090918,4.244718,2.0285077,4.262986,4.553452,3.8078544,6.360615,3.1781008,6.487478,4.5338583,6.384431
CK1D,9.331956,2.6260273,2.0886953,2.9707627,3.3780909,6.1678357,6.169132,6.1758432,4.4793935,6.213549,2.258818,6.1877584,5.6908717,7.7751646,6.473071,6.546527,6.85211,5.7732897,3.0882237,7.3518395,3.804962,7.1052756,4.2392316,2.0426643,4.1871934,4.536451,3.8205924,6.357426,3.1738548,6.4798985,4.5351324,6.3787465
CK1E,9.33331,2.6282902,2.101,2.9766443,3.3852448,6.170538,6.171282,6.1726184,4.4795256,6.220675,2.2635999,6.177078,5.6896667,7.7772555,6.464712,6.548282,6.8451934,5.779196,3.0968025,7.3537364,3.803515,7.112324,4.2401776,2.0514686,4.176597,4.5310636,3.8327463,6.354879,3.1725035,6.4850245,4.538413,6.3897057
CK1G1,9.356901,2.705323,2.1959527,3.067742,3.4614127,6.2771688,6.2069235,6.1504683,4.520827,6.2815022,2.2956471,6.0987773,5.696896,7.7209306,6.4166236,6.492093,6.789333,5.8167205,3.1928687,7.3280363,3.790627,7.1460695,4.258699,2.1091106,4.0698857,4.516131,3.891739,6.3383827,3.1485035,6.558936,4.5439897,6.44467
CK1G2,9.331452,2.720559,2.0934243,3.0578485,3.3965948,6.289855,6.186102,6.1478457,4.5373693,6.2641973,2.2779708,6.120212,5.7291203,7.844523,6.4435706,6.474812,6.830118,5.7373924,3.1183097,7.3474135,3.7679465,7.158339,4.2405276,2.0706878,4.1856556,4.5360603,3.8450592,6.314806,3.1343834,6.594511,4.5066814,6.40544
CK1G3,9.407193,2.786734,2.2145534,3.0433617,3.544337,6.293011,6.240635,6.142748,4.5578923,6.2321634,2.269897,6.076183,5.7217536,7.618415,6.401484,6.407979,6.718695,5.87256,3.1789386,7.301484,3.8473113,7.089816,4.2964478,2.1012075,4.059725,4.5410695,3.8924432,6.387136,3.171344,6.5414352,4.572634,6.477
CK2A1,9.379692,2.805631,2.1950533,3.1618738,3.4604993,6.4507318,6.2280464,6.10965,4.580502,6.3506823,2.318365,6.015574,5.7191405,7.8298125,6.383785,6.413997,6.7765713,5.806113,3.2530065,7.2963896,3.773917,7.2340918,4.2706175,2.108762,3.9781868,4.496519,3.9455717,6.330096,3.1211178,6.704044,4.522434,6.50948
CK2A2,9.343896,2.82406,2.104741,3.188369,3.3919287,6.491446,6.212038,6.100853,4.6087217,6.3651433,2.316707,6.0204797,5.7524548,7.965751,6.4052453,6.3935,6.82681,5.709848,3.1980047,7.3083196,3.7255163,7.266164,4.2473245,2.086601,4.0943646,4.509572,3.907624,6.2827606,3.085443,6.7698464,4.4690976,6.46869
DAPK1,9.861031,4.112756,2.2030866,3.6208289,4.0836115,7.1621647,6.8573475,5.8423405,5.7290444,6.128233,2.1894183,5.369305,6.6047363,7.031818,6.2202,4.7526584,6.416613,5.64935,2.811431,6.553432,3.782899,6.878667,4.6489153,2.1703131,4.851396,5.037158,3.6158056,6.319639,2.81405,7.211742,4.203116,6.604716
DAPK2,9.848562,4.1094112,2.231929,3.6007104,4.1170573,7.1290026,6.8527584,5.8496842,5.703685,6.10933,2.1910822,5.3880596,6.575091,6.9908705,6.2150884,4.779845,6.3815837,5.689434,2.8399348,6.577631,3.7896156,6.8481655,4.6556826,2.1887856,4.823289,5.031403,3.6307724,6.3289866,2.8173065,7.1817927,4.2339697,6.6047707
DAPK3,9.8666935,4.0761867,2.2171848,3.6027677,4.104771,7.145221,6.8410053,5.859436,5.687315,6.0812974,2.1692262,5.389851,6.5867224,7.0334754,6.199414,4.8085785,6.3900423,5.6909404,2.8387945,6.6117263,3.8071737,6.8413167,4.6510463,2.1835194,4.8111897,5.0407286,3.6308827,6.3327923,2.8406987,7.17966,4.261262,6.609264
DCAMKL1,9.865458,4.061923,2.1931715,3.5863912,4.0469007,7.1902585,6.8801336,5.8023715,5.7058434,6.1620855,2.1892874,5.392783,6.6054096,7.0724382,6.2517877,4.767473,6.4838934,5.64291,2.8113241,6.5502334,3.8103805,6.964373,4.663933,2.0902755,4.9197216,4.999356,3.5989664,6.3692403,2.8275506,7.2704782,4.184521,6.6488876
DCAMKL2,9.985745,4.0736065,2.0278494,2.7232928,4.7157817,6.761202,6.5517073,6.1276283,4.7862167,5.280844,1.6856451,5.9337945,6.219105,6.5046926,5.9909186,5.5695376,5.421947,6.390987,2.8930104,7.615293,4.727916,6.230827,4.5961084,2.1515126,4.316514,4.959465,3.858249,6.757168,3.631975,6.4879293,5.162488,6.708686
DMPK1,9.724425,3.955979,2.1736076,3.0579941,4.4036794,6.796129,6.4553123,6.1827135,5.093322,5.643122,1.9507331,6.0506797,6.320449,6.8411503,6.148003,5.4395733,5.925352,6.053209,2.9601855,7.3526254,4.311024,6.5285935,4.6234026,2.2490792,4.593956,4.913404,3.7574997,6.5947895,3.377719,6.6899195,4.8483973,6.623493
DSTYK,9.791685,5.585577,2.3500009,3.5481648,4.9471655,6.7541075,7.2367077,5.6765084,6.1851525,6.01642,2.4570527,5.1430426,6.3973866,5.0934806,6.3305264,3.8281515,5.364002,6.0673637,2.717257,5.8813376,3.4124348,6.224013,4.9244294,2.334046,4.4204736,5.3883104,3.666205,6.02409,2.2330415,6.841681,3.929273,6.341883
DYRK1A,9.588356,3.9816968,2.2910612,3.650984,3.9774642,6.9466867,6.7513885,5.883851,5.6622047,6.2679896,2.3299716,5.4825153,6.393928,7.107507,6.288002,4.9610696,6.4899874,5.583453,2.9244168,6.5551853,3.5611458,6.9099464,4.5717444,2.3257692,4.7672625,4.9453764,3.68645,6.1833544,2.6744192,7.137754,4.137346,6.469245
DYRK1B,9.652126,4.0457363,2.4462924,3.1185026,4.587418,6.594138,6.65351,6.0991755,5.243694,5.9722004,2.2243783,5.858029,6.1528563,6.4098253,6.2578683,5.2417626,5.902061,6.152728,3.1633039,7.0160623,4.108576,6.554976,4.711934,2.2808928,4.310135,4.832379,3.8675692,6.5201073,3.127547,6.6301913,4.6682444,6.5787168
DYRK2,9.660417,4.0832872,2.144268,3.005174,4.4995003,6.534574,6.8188624,5.908212,5.2595797,6.1655173,2.3153906,5.565959,6.1249433,6.5906615,6.4426756,5.114958,5.8638334,6.065871,2.9308517,6.6904707,3.9231548,6.61667,4.7614126,1.9574437,4.2076516,4.9493885,3.8150902,6.494228,2.8672514,6.7095633,4.3291173,6.459987
DYRK3,9.669643,4.1027765,2.1422215,3.0057874,4.5079722,6.546732,6.822553,5.9055123,5.267432,6.1539507,2.309107,5.5589952,6.137967,6.5839787,6.437167,5.0991254,5.852275,6.0695906,2.9242895,6.6867456,3.9297357,6.609864,4.767703,1.9596022,4.2145033,4.9594274,3.8105435,6.499946,2.8687396,6.713231,4.3310122,6.4662004
DYRK4,9.689086,4.095348,2.1659894,3.0186,4.510817,6.5574517,6.8147306,5.919711,5.2603216,6.1331987,2.291538,5.570434,6.1397805,6.5726194,6.4133964,5.1117387,5.8563256,6.083689,2.9417496,6.721962,3.9517372,6.6027336,4.7544403,1.9812181,4.2135944,4.9467044,3.8135738,6.501409,2.8963652,6.707625,4.364794,6.4812455
EEF2K,9.876508,5.2560825,2.7291965,3.586316,5.163838,6.5666814,7.168552,5.959768,5.933639,6.0507493,2.4350553,5.212106,6.2835703,5.3653245,6.1060996,4.112349,5.3873243,6.3590374,3.1071985,6.249823,3.6943924,6.036926,4.7785044,2.7424054,4.2814035,5.0639563,3.8940763,6.2061105,2.5399761,6.678093,4.3520517,6.4039774
HRI,9.791466,5.330668,2.6737769,3.4679441,5.194228,6.548539,7.192256,5.8811035,5.988168,6.0928726,2.4757001,5.2067847,6.2886686,5.356219,6.204858,4.0202274,5.373677,6.293007,3.0546024,6.1252437,3.6550198,6.079249,4.8754272,2.6026187,4.285432,5.1243544,3.8677,6.25279,2.4774456,6.7021666,4.2364426,6.3972125
PKR,9.409188,5.2805963,2.3381948,3.442154,4.516746,6.8485565,6.865134,5.608966,6.002506,6.0261774,2.4888923,4.9619217,6.5571284,6.50596,6.3113637,4.0135765,5.6596036,5.742513,2.5420887,5.7621603,3.1521792,6.474845,5.0486956,2.6178367,4.784374,5.6361027,3.4124963,6.4000397,1.9450324,6.976888,3.7056313,6.4722433
PERK,9.80087,5.3089395,2.7305963,3.4781225,5.2335935,6.5335917,7.1858397,5.909613,5.9535866,6.101277,2.4825943,5.186433,6.2962933,5.3532863,6.1846924,4.0498824,5.36543,6.3516192,3.0965009,6.1509867,3.676716,6.053036,4.8860455,2.6585352,4.263198,5.1204047,3.8691835,6.2968636,2.4718878,6.67241,4.2791824,6.4162693
GCN2,9.767611,5.2669625,2.641313,3.4521036,5.132812,6.579449,7.170237,5.862092,5.9769797,6.0868587,2.4633505,5.219626,6.3066897,5.4101605,6.2273574,4.0658226,5.409081,6.2509665,3.0193255,6.1260467,3.6526525,6.136189,4.895481,2.5508318,4.317091,5.1608,3.836238,6.2621984,2.4691095,6.718472,4.2126737,6.404256
IRE1,9.719248,4.573659,2.6627133,3.501505,4.6978087,6.7602177,6.808125,6.0424256,5.690383,5.845131,2.2487643,5.600872,6.315552,6.027266,6.061102,4.726329,5.7858515,6.104324,3.1100798,6.7109613,3.919674,6.3487167,4.6910377,2.6683097,4.573232,4.9834156,3.895903,6.3004694,2.9256086,6.783382,4.6047482,6.530593
IRE2,9.527014,4.369054,2.6596282,3.4620624,4.5349483,6.71092,6.621782,6.1202793,5.614582,5.8559885,2.243198,5.8528748,6.2825904,6.275106,6.1052246,4.9207525,5.9789243,5.965133,3.1333797,6.8510447,3.8928444,6.454297,4.6508884,2.67999,4.7223334,4.9295015,3.8539624,6.3029456,2.976064,6.768206,4.6398463,6.506611
FAM20C,9.628756,4.441828,2.8796628,3.307462,4.9006143,6.656098,6.760005,6.0587006,5.632397,5.926152,2.3023608,5.765219,6.286821,5.7997856,6.1638603,4.823754,5.84332,6.271452,3.3167975,6.747373,4.1036053,6.424136,4.870768,2.5887775,4.5018444,4.944954,3.8791587,6.5004463,3.020657,6.6399665,4.6986694,6.6583967
GAK,9.398547,4.038727,2.7267578,3.807663,4.2008,6.669457,6.6929,6.0272903,5.728185,6.2812533,2.4432356,5.6519065,6.2038455,6.587474,6.217605,4.9639993,6.421434,5.7032256,3.1642826,6.610916,3.4501617,6.7144465,4.5204344,2.7429888,4.794794,4.855401,3.8113074,6.040997,2.6220834,6.9245887,4.270914,6.345237
GRK1,10.249576,4.550185,2.146811,2.901105,4.8761497,7.0232196,6.862233,5.9637623,5.09361,5.122991,1.8615559,5.3921494,6.2781944,6.1607914,5.806474,5.128552,5.056147,6.5282044,2.8675356,7.2153935,4.645965,6.050945,4.7688,2.3735764,3.9947758,5.111335,4.1285143,6.747393,3.517918,6.6960073,5.097037,6.806209
GRK2,10.168584,4.4455295,2.1573112,2.922226,4.8099904,6.9839573,6.835004,5.9685593,5.0601215,5.2172346,1.9016575,5.4761705,6.2800417,6.2198763,5.895634,5.2195926,5.1329165,6.460713,2.854153,7.277367,4.591472,6.12723,4.7871056,2.311109,4.033231,5.1210656,4.0632353,6.723735,3.4924386,6.6943483,5.066488,6.769326
GRK3,10.153703,4.391084,2.1532068,2.905467,4.79768,6.9614325,6.8060274,5.989813,5.0224633,5.2275276,1.8905839,5.523053,6.271611,6.262513,5.9066644,5.2696285,5.1620746,6.461696,2.863792,7.318903,4.6043077,6.140016,4.773565,2.2993367,4.0455766,5.1051707,4.0468674,6.735183,3.5091228,6.6710567,5.0796537,6.766468
GRK4,10.244844,4.601115,2.1127229,2.921437,4.8488417,7.0718555,6.9304404,5.8890605,5.139351,5.1491437,1.9236176,5.3341923,6.310909,6.144365,5.8755713,5.0815916,5.020328,6.4753003,2.7882109,7.1673145,4.599224,6.090696,4.8347154,2.311868,3.9611533,5.1834064,4.1040435,6.745198,3.4672234,6.768599,5.0394506,6.8030233
GRK5,10.245584,4.5827527,2.1103232,2.8988283,4.8270617,7.0711184,6.9298325,5.883261,5.11149,5.1458364,1.9215854,5.343788,6.3164177,6.180079,5.895261,5.1075435,5.024602,6.4704094,2.7855856,7.187778,4.618297,6.1122084,4.836866,2.2867172,3.9596941,5.188062,4.089251,6.7598386,3.4816923,6.777629,5.0413003,6.815009
GRK6,10.195383,4.5486274,2.1668446,2.9440165,4.8492923,7.0188375,6.884059,5.9347234,5.1229115,5.186604,1.9165121,5.3956337,6.289373,6.123723,5.866683,5.1277575,5.0654387,6.472511,2.8385494,7.2048936,4.579012,6.0884814,4.8128295,2.3391461,4.008644,5.1502414,4.1016474,6.7103653,3.4690022,6.725532,5.051797,6.7739882
GRK7,10.21841,4.5926743,2.1485903,2.9430957,4.8514977,7.044438,6.9120483,5.9086123,5.1487226,5.176034,1.9254277,5.351086,6.3033357,6.1199975,5.8700767,5.0839314,5.0455303,6.4686866,2.8186269,7.1659546,4.5763645,6.0894094,4.824752,2.3324738,3.993539,5.167362,4.1022677,6.7171803,3.4545496,6.7518725,5.033476,6.785546
GSK3A,9.432886,3.0030043,2.3907452,3.182334,3.7743661,6.430601,6.3080645,6.154202,4.695305,6.2695513,2.3113425,6.0383925,5.7589555,7.429461,6.322506,6.227927,6.5614815,5.952475,3.3431947,7.316042,3.8826518,7.0493636,4.36587,2.242994,3.9049053,4.5242047,3.976091,6.3858266,3.1733708,6.606575,4.6441975,6.5494204
GSK3B,9.400709,2.8775115,2.2716897,3.1914532,3.5655112,6.466613,6.262119,6.1158686,4.6286216,6.3412,2.3220067,6.0031238,5.736525,7.69805,6.358053,6.342431,6.710157,5.8488765,3.294464,7.291951,3.7986803,7.185071,4.3017235,2.1593955,3.9546351,4.502276,3.9614127,6.339138,3.125621,6.6939487,4.5525765,6.5280266
HASPIN,9.8145275,4.9258256,2.4331102,3.6220207,4.611815,6.880188,6.9313827,5.8855567,5.895288,5.877291,2.2723796,5.3423753,6.4257956,5.938704,6.119489,4.388043,5.7142553,5.9659967,2.8737981,6.40496,3.6575372,6.373191,4.684037,2.521415,4.6075788,5.128424,3.7573593,6.1333265,2.671937,6.933964,4.2995734,6.487178
HIPK1,9.380903,2.7837558,2.0204682,3.1802754,3.3689728,6.666419,6.1976705,6.066559,4.549924,6.3764267,2.265658,5.9725857,5.776894,8.137063,6.3542223,6.4516835,6.779992,5.7715516,3.2202332,7.395953,3.8220325,7.3322186,4.2645693,2.0396814,3.945835,4.478041,3.981554,6.356877,3.1576064,6.8430853,4.543983,6.605464
HIPK2,9.38498,2.7935917,2.0710223,3.1832492,3.4012282,6.6319623,6.207084,6.0739584,4.556727,6.375449,2.278395,5.974955,5.7633357,8.063871,6.353733,6.4415016,6.768063,5.790552,3.2416954,7.375381,3.8173976,7.313226,4.2695537,2.060731,3.9318342,4.478364,3.9846053,6.355115,3.1531603,6.817894,4.5464115,6.5960107
HIPK3,9.380395,2.800094,1.9617013,3.1975296,3.3372016,6.7173457,6.20004,6.0492787,4.5653934,6.391155,2.2597785,5.952734,5.801302,8.200005,6.353995,6.4318476,6.796169,5.736403,3.1955986,7.3951573,3.8114371,7.36011,4.263065,2.0165324,3.9666893,4.4825864,3.976326,6.3475294,3.143602,6.8923416,4.520594,6.6126547
HIPK4,9.635852,4.909857,2.7748733,3.2253745,5.1737924,6.466166,7.0301633,5.9402294,5.7923336,6.1018314,2.4753425,5.5331674,6.1781163,5.3566775,6.299658,4.3885984,5.523885,6.3042436,3.2330017,6.3867054,3.869545,6.2544813,4.9546986,2.4230425,4.2346354,5.006643,3.9088445,6.4090767,2.7260406,6.596973,4.4185953,6.487827
HUNK,9.662699,4.861342,2.8284514,3.3034997,5.163754,6.4729486,7.054489,5.9620223,5.824432,6.122138,2.468099,5.522964,6.179288,5.339356,6.267384,4.4000454,5.5642586,6.3033576,3.2566063,6.3939004,3.866798,6.255879,4.9103146,2.465456,4.2690287,4.9809003,3.927878,6.3534927,2.7331715,6.608111,4.4355493,6.463681
IKKB,9.810937,5.5557885,2.327788,3.5729213,4.9066195,6.7891374,7.2230387,5.6807957,6.1885314,5.985865,2.4269786,5.138386,6.4244385,5.1534147,6.3056026,3.8333511,5.3739915,6.0452147,2.6904163,5.9085155,3.4087842,6.233976,4.899074,2.3260362,4.443049,5.3865085,3.6602457,6.0062227,2.2588196,6.8740196,3.932265,6.356928
IKKE,9.853565,5.5965357,2.2999854,3.6106884,4.893199,6.8173347,7.2279987,5.679622,6.2034326,5.9562516,2.405223,5.1174827,6.4417276,5.1075864,6.279654,3.8156106,5.367307,6.037827,2.6732757,5.921258,3.4048293,6.2239456,4.863204,2.3177116,4.445317,5.379547,3.6557167,5.961438,2.2725706,6.8980517,3.937561,6.3629694
IRAK1,9.333642,5.2012944,2.3669615,3.5088174,4.408341,6.834144,6.7958975,5.647224,5.9759207,6.078658,2.4985943,5.019948,6.5191703,6.6170483,6.3174825,4.089131,5.77193,5.6642685,2.565507,5.7993517,3.0744536,6.56425,4.9799786,2.6837714,4.8531375,5.608765,3.416321,6.350095,1.9159757,6.9850326,3.689535,6.4404798
IRAK4,9.312852,5.271943,2.341998,3.5114822,4.412361,6.8415017,6.8083844,5.591056,6.010942,6.0693936,2.5351021,4.9524174,6.548333,6.639504,6.330634,4.025049,5.7300396,5.65254,2.501926,5.7215433,3.0344112,6.538176,5.020651,2.6990073,4.86782,5.6798587,3.3607948,6.360332,1.8446926,7.0019526,3.618807,6.4266076
LATS1,9.925726,3.7963212,1.9760554,2.9355035,4.2897983,6.855194,6.5323386,6.085334,4.908,5.659971,1.9017231,5.8126206,6.314174,7.0996194,6.1787605,5.5936904,5.853647,6.1227865,2.8499925,7.3628464,4.3592234,6.592827,4.6194935,2.0266535,4.3434362,4.9493365,3.7255232,6.681632,3.3813438,6.7075295,4.7921796,6.685508
LATS2,9.895955,3.827122,2.0313334,2.9909754,4.2873535,6.847726,6.553646,6.079129,4.9621115,5.721259,1.963534,5.7931194,6.2886844,7.035164,6.1872163,5.5485625,5.882865,6.1032743,2.9021463,7.30684,4.2994223,6.623467,4.621772,2.0662816,4.307057,4.914339,3.763826,6.6372237,3.3429775,6.733269,4.7602544,6.6774163
LRRK2,9.768137,5.492796,2.372865,3.545434,4.9082093,6.7525887,7.185078,5.7039537,6.1449156,5.998746,2.4301515,5.1442366,6.417112,5.277108,6.2981434,3.8877323,5.3989286,6.0345697,2.725658,5.933331,3.432698,6.237142,4.9060707,2.3480613,4.4495125,5.3833857,3.6699634,6.078714,2.271957,6.853847,3.9360397,6.3724833
MAK,9.600408,4.819512,2.7098014,3.1811495,5.180716,6.412163,7.107519,5.9016414,5.8059635,6.2192006,2.5154757,5.4715962,6.142863,5.388716,6.3766346,4.3960166,5.548398,6.2556467,3.1948247,6.294976,3.8231921,6.2892447,4.964674,2.2795305,4.2033567,5.009561,3.9348757,6.377888,2.667463,6.626968,4.3271112,6.393404
MEK1,9.325624,3.5146627,3.166682,3.8611584,4.2617908,6.441327,6.612717,6.181051,5.523612,6.4138823,2.5104196,5.861493,5.9572215,6.3919535,6.181377,5.3985624,6.5784287,5.8591065,3.560415,6.935321,3.5047927,6.727939,4.4353185,2.9320512,4.6100273,4.5969653,3.931199,6.019647,2.7383363,6.6931233,4.497203,6.341611
MEK2,9.41225,3.7210805,2.8909252,3.7627673,4.2402024,6.567639,6.6506658,6.108906,5.558757,6.310072,2.43261,5.765434,6.083108,6.5271583,6.1992106,5.2519135,6.462669,5.8168693,3.348622,6.8351073,3.5566604,6.7128916,4.480504,2.7618022,4.658747,4.719728,3.8631787,6.077876,2.7399402,6.788294,4.4261355,6.3711658
MEK5,9.561162,4.181465,2.773258,3.6420863,4.480108,6.652923,6.7687793,6.045349,5.663443,6.1565547,2.3795094,5.6268344,6.211641,6.28216,6.170226,4.9109054,6.1423917,5.946425,3.2159686,6.688376,3.679675,6.559855,4.612751,2.6868186,4.617795,4.8717747,3.843268,6.195059,2.752906,6.798486,4.4314904,6.445132
MEKK1,9.283203,4.120242,2.9622447,4.011078,4.2969875,6.5945296,6.694873,6.1228375,5.8655677,6.269881,2.496293,5.7528744,6.166641,6.322534,6.129123,4.878365,6.438744,5.712815,3.2800798,6.590573,3.3833966,6.600361,4.458701,3.0745866,4.91173,4.8041124,3.9118497,5.909196,2.6148412,6.90054,4.3501124,6.25455
MLK2,9.278426,4.279558,3.0413835,3.948511,4.424701,6.5907874,6.6731453,6.164905,5.904795,6.174102,2.469343,5.846791,6.195272,6.1586714,6.086655,4.80929,6.350924,5.80553,3.3296554,6.6101894,3.498981,6.520919,4.509804,3.1313024,4.9265175,4.812952,3.9518945,5.968016,2.707886,6.850982,4.479464,6.2984414
MLK3,9.216333,4.26353,3.0820153,4.0433216,4.3648443,6.5765224,6.6595225,6.1797605,5.946838,6.209513,2.5022056,5.858476,6.178832,6.1807055,6.0737295,4.796792,6.422678,5.7400746,3.3363297,6.5865912,3.409299,6.5332394,4.461327,3.2187765,4.9908686,4.7977057,3.9658506,5.8949037,2.657847,6.8776207,4.445797,6.2476997
DLK,9.598791,4.4638314,2.9299536,3.4686651,4.8410673,6.632693,6.786655,6.082434,5.707559,5.9711256,2.344148,5.730443,6.2528467,5.8025656,6.120362,4.77586,5.8858843,6.205061,3.3256922,6.700846,3.9674034,6.393428,4.7764077,2.7288787,4.5458236,4.9114866,3.9242005,6.362569,2.941156,6.676277,4.6597342,6.5683165
NIK,9.39982,5.169737,2.3661466,3.4230328,4.4980245,6.83872,6.8284645,5.6578856,5.9441953,6.043762,2.4646187,5.051628,6.527535,6.5543256,6.31417,4.1138697,5.7260036,5.748161,2.6094103,5.857086,3.2145226,6.5261374,5.0147414,2.6052468,4.7838326,5.563923,3.4570515,6.4172106,2.029147,6.96109,3.7729034,6.487705
MAP3K15,9.18056,3.8783102,3.0249634,4.1167216,4.176095,6.5880413,6.646822,6.1508856,5.857051,6.3270574,2.5235732,5.8184395,6.1397543,6.4519324,6.135475,5.038282,6.6116996,5.605895,3.3355787,6.633566,3.2998662,6.66952,4.405458,3.152882,4.9898562,4.7551646,3.903699,5.8303676,2.5866196,6.9313316,4.3289027,6.206078
YSK4,9.621338,4.423075,2.8488512,3.653018,4.7346873,6.5656652,6.9012713,6.065348,5.7459426,6.1528955,2.4142094,5.575039,6.1830144,5.9172344,6.1415215,4.718634,5.94365,6.0966864,3.2651505,6.5985737,3.7205825,6.388796,4.640335,2.763716,4.5157137,4.86386,3.9269044,6.1784573,2.7518873,6.7307186,4.4718356,6.4034567
MEKK2,9.69109,4.4830265,2.875583,3.536863,4.892019,6.5178723,6.943723,6.068459,5.6864114,6.1230955,2.4061882,5.5697722,6.1536293,5.7390833,6.1494093,4.7093654,5.7948256,6.240306,3.312929,6.635209,3.8402982,6.3272533,4.700325,2.7021518,4.378269,4.8560123,3.9518583,6.2666073,2.8198984,6.641153,4.548916,6.4580894
ZAK,9.736812,5.269292,2.4678805,3.3709745,4.9876513,6.6737466,7.1082287,5.7769785,5.951067,6.039566,2.4380014,5.227833,6.3588796,5.5232053,6.2990527,4.08784,5.44295,6.1417637,2.8922415,6.100412,3.6182394,6.2515993,4.9450846,2.380245,4.3545327,5.2484255,3.7424638,6.294198,2.4427981,6.7808814,4.111295,6.456832
MLK4,9.232581,4.307936,3.1072009,4.0032325,4.4192624,6.564776,6.668051,6.1927223,5.9440765,6.1895313,2.4975097,5.8787923,6.1766834,6.115417,6.0629816,4.781498,6.3784895,5.7868166,3.362344,6.600498,3.458735,6.5030713,4.478314,3.2080152,4.9593143,4.7884507,3.9859955,5.9239097,2.6923635,6.849816,4.4930844,6.264741
MEKK3,9.699535,4.527823,2.863486,3.5570226,4.892428,6.5273676,6.956937,6.0642934,5.7142816,6.1205335,2.4062102,5.544856,6.1656303,5.733238,6.139282,4.6682343,5.7862277,6.230019,3.2934973,6.606129,3.817046,6.30982,4.69186,2.7138383,4.3896174,4.8682094,3.9491105,6.246806,2.7935753,6.656406,4.5287805,6.4415455
ASK1,9.192354,3.8483593,3.014813,4.099321,4.1639214,6.5897512,6.646626,6.144204,5.8348513,6.340551,2.521884,5.8117533,6.1351886,6.4776764,6.145957,5.064153,6.623938,5.607756,3.3387985,6.646439,3.3071506,6.6869917,4.408141,3.121642,4.968575,4.7487335,3.8962646,5.843051,2.5899048,6.928644,4.324901,6.2159142
MEKK6,9.27028,4.2097406,2.992913,3.9527621,4.3593206,6.6030684,6.653612,6.16341,5.8747044,6.1754084,2.4583185,5.8473287,6.191387,6.2533746,6.092698,4.8592787,6.3814425,5.7563567,3.2987957,6.6391864,3.474946,6.5472403,4.4832735,3.0981662,4.9451046,4.8109026,3.9334478,5.952894,2.7004628,6.870319,4.4556785,6.284225
TAK1,9.175157,4.1841874,3.0697253,4.179059,4.2746115,6.565999,6.661408,6.1594133,5.97016,6.2703786,2.5407307,5.803459,6.158921,6.2446976,6.0875506,4.7962008,6.5209894,5.6610093,3.296652,6.535945,3.2799373,6.576155,4.406839,3.3271697,5.0436916,4.8045244,3.9561324,5.8100157,2.5729423,6.9241924,4.3410587,6.191484
COT,9.489371,5.159071,2.3639085,3.3625035,4.615775,6.8278904,6.8970003,5.670353,5.929837,6.0297318,2.443012,5.0860734,6.5193233,6.3915133,6.320256,4.1208215,5.660751,5.8506265,2.6657822,5.9210844,3.3681045,6.4682097,5.029378,2.5199418,4.6852207,5.498331,3.5160844,6.44714,2.1620967,6.932443,3.8638353,6.5114017
MLK1,9.118149,4.107677,3.1073575,4.2440214,4.2227035,6.5675564,6.6399727,6.1798005,5.9739184,6.288228,2.5504262,5.845764,6.1505823,6.295886,6.0847597,4.852543,6.590322,5.605825,3.328203,6.559339,3.2442822,6.6016593,4.3804636,3.3880613,5.0945134,4.778012,3.9552705,5.765019,2.566337,6.943662,4.338645,6.1646676
HPK1,9.51495,4.0094585,3.1011827,3.3824322,4.786494,6.412555,6.678755,6.2061167,5.4281244,6.105268,2.3982248,5.9236016,6.0138326,5.845019,6.162088,5.1829786,5.9824877,6.246499,3.543437,7.0151834,3.9820054,6.4544053,4.684038,2.7568958,4.3478017,4.697838,3.9604652,6.381065,3.0179594,6.484917,4.7807326,6.554577
GCK,9.49572,3.9034932,3.1066232,3.3985384,4.7278214,6.4258084,6.628099,6.2247148,5.381422,6.098359,2.3792017,5.9737506,6.002916,5.916208,6.1544886,5.2827706,6.0510573,6.2198215,3.5630877,7.0886436,3.9803154,6.4831834,4.6568093,2.7608938,4.3812313,4.6842265,3.9601636,6.370791,3.0477107,6.4844365,4.806488,6.553904
KHS2,9.211468,3.237116,3.4721408,3.9835582,4.3333807,6.372676,6.549078,6.291175,5.4940586,6.525198,2.6001666,6.019492,5.8642607,6.2322235,6.165639,5.5737166,6.7255826,5.8914113,3.806039,7.1375484,3.463949,6.7344384,4.4387465,3.095754,4.630459,4.5530415,3.996812,5.9778805,2.7379515,6.6053896,4.6111546,6.3264303
HGK,9.211738,2.896639,3.655075,3.9307008,4.214954,6.1808577,6.4886155,6.3570476,5.3225,6.660208,2.670653,6.087749,5.6580777,6.312933,6.222187,5.8928933,6.9753537,5.9268756,4.0575366,7.268248,3.4575357,6.865563,4.318644,3.0256755,4.4666085,4.3159494,4.081332,5.985438,2.8364599,6.451229,4.6823525,6.334982
KHS1,9.442059,3.6347432,3.2318335,3.5464792,4.6017923,6.3922753,6.5971437,6.2472177,5.3454866,6.233025,2.4333813,5.986212,5.9185653,6.0113444,6.1522756,5.450866,6.256821,6.161722,3.6723144,7.1488314,3.850902,6.5685196,4.5706687,2.844632,4.394411,4.611715,3.9882507,6.26701,2.9885893,6.486008,4.7770452,6.4997597
ERK2,9.304126,2.9794254,2.0332098,3.2559712,3.378931,6.5227695,6.2217975,6.095993,4.74507,6.3535028,2.3265474,6.021131,5.8234706,8.038139,6.4445734,6.2248726,6.859193,5.5546417,3.1149964,7.260571,3.6305792,7.251025,4.229457,2.0837412,4.341567,4.566607,3.8149714,6.1927867,2.997488,6.86748,4.3629174,6.3619666
JNK3,9.353842,3.0026371,2.154704,3.3155208,3.456006,6.591416,6.2619066,6.05681,4.7200446,6.445109,2.372779,5.926835,5.77576,7.8843327,6.3996468,6.22249,6.8047996,5.6627736,3.2508404,7.1913195,3.6459315,7.3075266,4.2592688,2.1121063,4.0918694,4.520246,3.9259436,6.2238517,2.9984038,6.9077277,4.3759594,6.4632053
P38B,9.310277,3.0519273,2.127717,3.3471456,3.4125292,6.572187,6.2763414,6.0734186,4.8315988,6.4312882,2.3798282,5.9571357,5.8330235,7.954069,6.421634,6.1579165,6.855724,5.55475,3.1778235,7.175454,3.5846758,7.2810035,4.255552,2.1409047,4.2849927,4.5544343,3.8490174,6.1620836,2.9322855,6.9248962,4.328067,6.378643
P38G,9.323373,3.1009188,2.0259244,3.3697846,3.3909483,6.6520762,6.3006754,6.038093,4.873154,6.460675,2.375038,5.9074035,5.8733053,8.013811,6.423338,6.0860534,6.8731294,5.526329,3.1362467,7.1421785,3.56947,7.315396,4.2686625,2.0938506,4.2923455,4.5695567,3.8458521,6.159472,2.9025419,6.994373,4.2802143,6.4058843
P38D,9.31836,3.186166,1.915592,3.3863919,3.3887541,6.7082815,6.3159375,6.0179563,4.953963,6.441332,2.3561177,5.8855376,5.935066,8.060712,6.4362206,5.9616947,6.8803935,5.469698,3.0584881,7.1120887,3.544679,7.3005137,4.2746706,2.054059,4.3869615,4.613204,3.8037853,6.1435075,2.867945,7.047865,4.2282524,6.3941135
P38A,9.336734,2.9857428,2.0944965,3.279821,3.4151986,6.5660324,6.2513084,6.0798106,4.7439523,6.3899503,2.339982,5.9756546,5.815468,7.972697,6.411771,6.2322884,6.8260083,5.616646,3.1753502,7.2401576,3.6574774,7.27092,4.2563295,2.1048925,4.2255893,4.5441613,3.8687894,6.2196107,3.004431,6.8804116,4.3890557,6.422742
ERK7,9.57981,4.687072,2.7558737,3.147628,5.083589,6.4686427,6.9242535,5.981105,5.66726,6.0781455,2.4363513,5.6575418,6.1613054,5.54396,6.314137,4.607959,5.624956,6.2733045,3.2600703,6.5409117,3.9530215,6.331923,4.9441166,2.3776262,4.263014,4.966048,3.9089494,6.4749994,2.8365824,6.5850897,4.5035973,6.517333
ERK1,9.316481,3.0729382,2.1357706,3.301861,3.4613192,6.5251684,6.2699027,6.089327,4.8298697,6.365631,2.3523028,5.9838805,5.8448186,7.8889894,6.4282374,6.132299,6.807962,5.5775166,3.1439116,7.1853433,3.615763,7.213063,4.2619286,2.1432636,4.3390474,4.585097,3.824741,6.183231,2.9604092,6.869625,4.354087,6.3585987
ERK5,9.30847,3.1378121,2.136752,3.3698256,3.4510124,6.572787,6.306617,6.064244,4.907911,6.428107,2.3894851,5.9369946,5.868189,7.8876724,6.4248047,6.0633287,6.8342943,5.5372653,3.1503036,7.118934,3.561387,7.2498784,4.276056,2.1610076,4.357246,4.5871277,3.8276656,6.1454735,2.892504,6.934552,4.2973046,6.3565435
JNK1,9.394925,2.9844773,2.157488,3.278767,3.4779994,6.609319,6.277796,6.0650406,4.7116556,6.405715,2.340956,5.923912,5.795164,7.8756194,6.3692374,6.2406797,6.7653503,5.7283134,3.2502866,7.230738,3.7148921,7.279267,4.288789,2.1121917,4.039855,4.5205083,3.941144,6.2766166,3.0440152,6.8743973,4.4422755,6.511039
JNK2,9.418395,3.0204937,2.2085679,3.2548609,3.5621648,6.57827,6.2908354,6.0769515,4.7120385,6.3585052,2.3258147,5.9328876,5.8012185,7.757319,6.3594337,6.216278,6.69771,5.77341,3.25193,7.2270565,3.7519019,7.2162843,4.3065596,2.1361258,4.0332465,4.5419154,3.934352,6.2986603,3.0677817,6.8196244,4.4742465,6.5146356
MAPKAPK2,9.8100395,4.1195693,2.3501654,3.341461,4.3970613,6.852714,6.7030783,6.026935,5.4157634,5.905043,2.116864,5.6619515,6.366519,6.638567,6.168154,5.058843,6.0278077,5.995656,2.9778638,6.929182,4.0249324,6.592403,4.6382756,2.3117683,4.589447,4.9465027,3.7313898,6.4368644,3.050285,6.8325043,4.5603724,6.602203
MAPKAPK3,9.736162,4.21389,2.4743927,3.359201,4.494826,6.795009,6.720134,6.0341883,5.494734,5.9311357,2.1783037,5.681492,6.342717,6.461783,6.1716027,4.968239,5.9930835,6.0199556,3.042022,6.855189,3.9906745,6.550142,4.6808476,2.3978355,4.596215,4.946592,3.7645226,6.4241147,3.000065,6.8007865,4.5572715,6.586537
MAPKAPK5,9.87048,4.5345917,2.3266046,3.4127932,4.5213904,6.925219,6.892716,5.8876667,5.658536,5.9287133,2.1995149,5.384304,6.4511294,6.401087,6.1752844,4.6489983,5.843146,5.9940343,2.8802118,6.5849037,3.878726,6.513911,4.740223,2.3107135,4.556725,5.0873017,3.7229981,6.3823466,2.830135,6.9249864,4.367127,6.58965
MARK1,9.55847,3.5037475,3.3093367,3.4939725,4.630135,6.2616057,6.6102934,6.2571144,5.1996813,6.280397,2.42852,5.9199786,5.8068647,6.060393,6.12852,5.534615,6.186568,6.279638,3.707827,7.308844,3.9450798,6.594098,4.5236726,2.8477502,4.1298127,4.4909577,3.9879913,6.346829,3.0511227,6.394714,4.8517003,6.5559573
MARK2,9.557987,3.513241,3.3154724,3.502239,4.6386867,6.2644777,6.606787,6.256716,5.208132,6.2793546,2.4289165,5.9235077,5.8097157,6.047093,6.12555,5.5251265,6.1942925,6.2782373,3.711955,7.3092337,3.9404192,6.5911636,4.5265503,2.8480186,4.1384544,4.4976754,3.9916565,6.3436,3.052364,6.3960443,4.8536615,6.5539637
MARK3,9.557172,3.4912176,3.319145,3.5348177,4.623495,6.2781963,6.587878,6.254768,5.214822,6.2782583,2.4219644,5.930011,5.8165174,6.0706882,6.1139483,5.535796,6.2360067,6.2575684,3.7123475,7.329188,3.923998,6.601351,4.517584,2.8492332,4.162029,4.507561,3.9946537,6.329871,3.0571127,6.4107714,4.855269,6.546332
MARK4,9.562387,3.5651824,3.309893,3.4602244,4.6708503,6.2423277,6.6303186,6.2549367,5.2117863,6.2772775,2.436731,5.9114127,5.807626,6.0112066,6.138196,5.485381,6.1337857,6.3044767,3.7013047,7.281071,3.966377,6.5764017,4.542729,2.8443875,4.1056004,4.489065,3.9839637,6.3674526,3.0465834,6.3815656,4.8499155,6.5649834
MASTL,9.792045,5.243761,2.7855568,3.465201,5.273721,6.487844,7.1888833,5.9404473,5.9152617,6.128335,2.4961193,5.2103963,6.262299,5.332981,6.185652,4.105918,5.3636837,6.3964524,3.1559973,6.1959825,3.7138028,6.0465426,4.8929396,2.6724346,4.2181754,5.0871444,3.8970585,6.3249393,2.4984424,6.6307716,4.326424,6.4122252
MELK,9.644517,4.3442245,2.2530196,3.5262108,4.1822553,6.9393315,6.8398743,5.810574,5.745406,6.203055,2.3388622,5.3661027,6.4572096,6.8722286,6.317297,4.6685596,6.2240095,5.684279,2.835345,6.3790793,3.5966117,6.7871075,4.7098885,2.2679791,4.7202134,5.071859,3.655757,6.286783,2.6009727,7.095383,4.0702786,6.5068507
MINK,9.215591,2.9736543,3.600142,3.9679198,4.2185473,6.2318335,6.5010676,6.319526,5.3744354,6.612536,2.6302922,6.068314,5.720305,6.3238735,6.196689,5.8021703,6.9169917,5.90993,3.9730058,7.218705,3.4451437,6.821096,4.347084,3.0486255,4.520499,4.3711467,4.0446935,5.962547,2.80688,6.4983735,4.656385,6.3189435
MNK1,9.537124,4.0212293,3.122897,3.3843987,4.8213706,6.378834,6.719703,6.1999583,5.4293885,6.1429253,2.4225824,5.8804665,5.988361,5.795817,6.1680646,5.158436,5.9529576,6.279166,3.5601795,6.989127,3.9704697,6.440576,4.683955,2.7593472,4.2874026,4.6820297,3.971736,6.3771043,2.9919987,6.465917,4.765226,6.546078
MNK2,9.762974,4.0096903,2.354008,3.2020872,4.4253907,6.758011,6.639085,6.0632315,5.288786,5.87269,2.1010845,5.7724895,6.2912426,6.6386623,6.1955914,5.204471,5.993448,6.06033,3.0126028,7.029702,4.1187916,6.579373,4.6538043,2.2593112,4.501415,4.90492,3.7606177,6.5107646,3.1374502,6.73532,4.646724,6.620576
MOK,9.316552,3.2988365,1.8995746,3.4105968,3.4290018,6.706691,6.3744345,6.005119,5.0428114,6.4525237,2.3823006,5.8524475,5.9760714,7.9791603,6.4645896,5.834891,6.8817368,5.420206,3.0060582,7.038754,3.4871268,7.269765,4.296621,2.0542383,4.466807,4.651467,3.7573097,6.102158,2.8049302,7.0769105,4.149796,6.346098
MOS,9.240473,4.290487,3.0938687,3.9829671,4.418703,6.5647607,6.663716,6.1947227,5.921436,6.1801076,2.4900954,5.883698,6.1735315,6.124983,6.0638647,4.80283,6.3657064,5.789982,3.3589559,6.6222234,3.4755173,6.503277,4.4782014,3.1830792,4.945072,4.785988,3.9830368,5.938216,2.7051594,6.842184,4.5024333,6.2709813
MTOR,10.095381,4.2376986,2.207163,2.9052072,4.7631674,6.881735,6.7303724,6.0546794,4.9644995,5.298572,1.8838714,5.633058,6.2312,6.327854,5.919852,5.3812137,5.274467,6.45932,2.9377866,7.388612,4.5901303,6.1796775,4.7227826,2.3111537,4.0867953,5.034744,4.0182157,6.724282,3.5172772,6.6026773,5.096685,6.749482
SMMLCK,9.884852,4.0478473,2.1758363,3.605566,4.044503,7.2034836,6.856571,5.8292203,5.7039027,6.1297116,2.163268,5.391349,6.6269717,7.096694,6.2265286,4.782071,6.4834495,5.6371756,2.8002565,6.5805144,3.8260105,6.9266343,4.6499276,2.1103735,4.9064813,5.0220494,3.5970855,6.355056,2.852015,7.2508774,4.2116594,6.637422
SKMLCK,9.672311,4.4470835,2.758281,3.2310004,4.8841124,6.6990647,6.805328,5.98468,5.623812,5.985333,2.2978165,5.6745462,6.349312,5.918351,6.24108,4.772752,5.855051,6.2638636,3.2304323,6.657678,4.106795,6.4945993,4.9480257,2.4345362,4.48821,5.0060015,3.7903993,6.581643,2.9666998,6.673643,4.5844116,6.6980376
CAMLCK,9.829791,4.02786,2.2174706,3.6004727,4.077451,7.1126432,6.807844,5.8793664,5.6653748,6.094228,2.171836,5.4379897,6.561554,7.061624,6.211937,4.858986,6.42458,5.669048,2.8452027,6.6437798,3.7966316,6.848491,4.629102,2.194494,4.8315907,5.018799,3.6319082,6.3174243,2.8491905,7.164669,4.2669244,6.5865445
MYLK4,9.848364,4.181715,2.2206626,3.1363053,4.498642,6.874397,6.691119,6.0052743,5.324522,5.8106027,2.0546122,5.6774945,6.4269066,6.6764636,6.209972,5.070278,5.878534,6.081851,2.8998113,6.95923,4.173038,6.555841,4.755213,2.1579943,4.5369344,5.0374517,3.6789002,6.6075397,3.119534,6.78399,4.595047,6.667879
MYO3A,9.179667,3.537123,2.93579,4.034886,4.0830193,6.6406565,6.6630673,6.131308,5.760462,6.371506,2.5067027,5.814253,6.152551,6.6688476,6.1868343,5.305183,6.713915,5.5270066,3.3575094,6.6963406,3.3271365,6.7489934,4.4219766,2.9594095,4.937389,4.728474,3.8335495,5.858611,2.5822556,6.9654226,4.299073,6.214958
MYO3B,9.22772,3.633132,2.9092224,3.976489,4.1166706,6.62176,6.657098,6.1202464,5.731762,6.359471,2.49523,5.7990975,6.1410136,6.6397486,6.193651,5.2522297,6.652832,5.583947,3.33584,6.705865,3.3639922,6.739967,4.437299,2.9154234,4.8873715,4.739068,3.842941,5.903269,2.608193,6.9324346,4.313272,6.244247
NEK1,9.621382,4.804509,2.7258403,3.2625768,5.157238,6.449725,7.1381826,5.900627,5.8566413,6.2303777,2.5052319,5.4267993,6.1750603,5.4042377,6.349261,4.3638864,5.5775375,6.2231674,3.1759567,6.264712,3.7897313,6.28985,4.9371543,2.313926,4.260889,5.0243993,3.9307148,6.3277693,2.6368551,6.6670594,4.303931,6.3662314
NEK11,9.713861,5.0633097,2.6916611,3.3835378,5.1545515,6.5127316,7.171866,5.886278,5.9460754,6.149924,2.4773948,5.337147,6.2329845,5.356406,6.277478,4.188435,5.480477,6.2396197,3.1013103,6.194409,3.7275121,6.203203,4.898501,2.4309375,4.2913885,5.0789227,3.8982408,6.259481,2.5692866,6.691293,4.264338,6.3741827
NEK2,9.630031,4.96121,2.3971462,3.2847106,4.7304254,6.8051987,6.9547706,5.749794,5.8468127,6.04184,2.3873754,5.246126,6.474881,6.1896925,6.3216004,4.2821026,5.6751184,5.9895763,2.831268,6.1491146,3.650897,6.4458084,4.9955807,2.3677251,4.5448437,5.295905,3.6566916,6.47863,2.4675364,6.888915,4.082819,6.55695
NEK3,9.683317,4.9287367,2.6974263,3.3352115,5.103508,6.5221806,7.11078,5.9018736,5.8717995,6.147183,2.4638543,5.3891883,6.232408,5.4719415,6.2867165,4.3084955,5.546374,6.2311687,3.1267176,6.269976,3.7739837,6.2587576,4.9076567,2.4153526,4.303888,5.059435,3.8898335,6.3196683,2.6213245,6.6855683,4.3070674,6.4126344
NEK4,9.752207,5.0928802,2.756234,3.4196813,5.206937,6.4788475,7.1792626,5.9340444,5.922675,6.149747,2.4813268,5.328642,6.2100472,5.3430343,6.228238,4.1882477,5.4480567,6.3112035,3.161181,6.2352,3.7502258,6.1419363,4.8649163,2.5386662,4.249322,5.0304227,3.9332592,6.261704,2.5908701,6.6525464,4.3277955,6.3759623
NEK5,9.651698,4.914099,2.7460487,3.294101,5.217714,6.4269238,7.176064,5.9060545,5.8922176,6.2286253,2.5180802,5.388798,6.167712,5.33004,6.327819,4.282563,5.512828,6.263554,3.1819637,6.2262588,3.772472,6.2274613,4.928823,2.3625038,4.2311206,5.0232773,3.9475715,6.304082,2.609571,6.65068,4.300848,6.349871
NEK6,9.413006,3.9144573,2.4571912,3.6797228,4.0367765,6.7097692,6.671961,5.969993,5.638315,6.3206677,2.418201,5.626704,6.225142,6.9160743,6.3117,5.0642757,6.5031734,5.6078596,3.0333855,6.5969286,3.4605496,6.833938,4.5180554,2.5003247,4.7702518,4.8749485,3.7525089,6.0858183,2.6236966,6.9947233,4.1687937,6.3462214
NEK7,9.374812,3.8214014,2.4769807,3.7148266,3.9817617,6.6900973,6.6488976,5.998877,5.6147156,6.351157,2.4284859,5.6740913,6.1939073,6.9714155,6.3117256,5.142926,6.5721774,5.5669317,3.0687482,6.644658,3.4387121,6.860641,4.475944,2.5208585,4.789717,4.828024,3.7646086,6.0463057,2.6339533,6.9988055,4.1814713,6.314114
NEK8,9.590099,4.4851656,2.340065,3.5036132,4.311053,6.868457,6.8493176,5.81071,5.7849517,6.183306,2.3771017,5.3597236,6.4319286,6.681268,6.3169465,4.584692,6.111816,5.7457128,2.8615127,6.3138747,3.563673,6.6981587,4.764033,2.3542094,4.696305,5.1154523,3.6694386,6.2972026,2.536986,7.030247,4.0676103,6.489211
NEK9,9.393769,5.321788,2.3338833,3.4908247,4.5055823,6.83334,6.875061,5.6005645,6.0283737,6.044324,2.5129,4.96673,6.5369897,6.435864,6.326653,3.9893239,5.661469,5.7272396,2.5292776,5.7439766,3.1048625,6.4785337,5.0199046,2.6309335,4.7926273,5.6438227,3.4013066,6.336088,1.9056844,6.9748235,3.6659997,6.4325175
NIM1,9.6749,4.7919173,2.3441901,3.351372,4.586935,6.8649077,6.926299,5.7746115,5.802754,6.0489626,2.3451424,5.2735844,6.481306,6.379351,6.295789,4.3959713,5.79779,5.925818,2.8230023,6.2429237,3.6759057,6.5221562,4.9057646,2.3353338,4.587689,5.235448,3.663539,6.4320617,2.5399501,6.945766,4.1130733,6.552735
NLK,9.443666,2.9976745,2.3562462,3.1694446,3.737354,6.43159,6.3096747,6.132613,4.6894536,6.267136,2.3021357,6.0088253,5.7643385,7.4330835,6.336891,6.222076,6.5941586,5.9298615,3.300066,7.272452,3.8604903,7.0623,4.355149,2.205933,3.9437869,4.5473504,3.951155,6.3803363,3.1518736,6.6187415,4.603064,6.538109
NUAK1,9.687568,4.6454787,2.8228834,3.3773234,5.023186,6.516855,7.004323,6.0011125,5.7470317,6.126605,2.4238734,5.5291314,6.1890664,5.5795593,6.2216926,4.5594134,5.6862793,6.2646937,3.2614274,6.5056653,3.8761451,6.3113155,4.82547,2.5270956,4.326914,4.936175,3.9227948,6.341484,2.7785928,6.6391106,4.4791718,6.4700885
NUAK2,9.630715,4.6418796,2.8206735,3.264051,5.051722,6.5053787,6.953824,5.9943585,5.716231,6.0944557,2.4239995,5.609169,6.185235,5.5478635,6.2623634,4.5939918,5.672507,6.268283,3.2743294,6.532759,3.9323242,6.335173,4.8913302,2.4561098,4.3166485,4.951725,3.9108431,6.414152,2.8214028,6.612011,4.5063424,6.50985
OSR1,9.381953,3.358371,3.3662057,3.7691402,4.411504,6.337637,6.5667605,6.227529,5.3803606,6.397201,2.4819112,5.952722,5.846713,6.18931,6.139493,5.591051,6.533069,6.02321,3.7535594,7.1330304,3.648693,6.692354,4.4477983,2.9120839,4.4527802,4.510622,3.9866903,6.106816,2.8879895,6.550123,4.674913,6.39396
PAK1,9.361998,3.2205067,3.2192864,3.5790632,4.2831297,6.260955,6.650883,6.252643,5.240777,6.440816,2.5338843,5.900797,5.793615,6.401107,6.229387,5.7196627,6.4038963,6.071095,3.6878858,7.0720997,3.731413,6.7342157,4.4362803,2.9216049,4.2476115,4.397136,3.9546642,6.1907086,2.8329551,6.48391,4.6331997,6.4422097
PAK2,9.407566,3.27816,3.2437801,3.5519996,4.353697,6.232199,6.648755,6.2724705,5.218108,6.4124103,2.5190434,5.917278,5.7729673,6.3489485,6.2112155,5.6963415,6.3435397,6.142907,3.7233038,7.127782,3.7852013,6.682294,4.4568524,2.929127,4.2209187,4.3986654,3.977327,6.2362776,2.8816404,6.4332767,4.70035,6.4718375
PAK3,9.38831,3.282583,3.2690384,3.5933185,4.3596745,6.2615476,6.6407466,6.2596717,5.2540746,6.4250445,2.525981,5.912657,5.7943516,6.307574,6.207493,5.667316,6.378582,6.112208,3.7124503,7.1157484,3.750691,6.7024226,4.455247,2.9323614,4.2522926,4.424496,3.970965,6.205174,2.8604927,6.465374,4.673871,6.4557743
PAK4,9.090985,3.206116,3.034361,4.055711,4.0656066,6.6334395,6.6746774,6.179882,5.7041125,6.3892746,2.5198822,5.887975,6.125295,6.7018933,6.1739106,5.5893025,6.8181458,5.4701977,3.495091,6.780443,3.3248513,6.7425165,4.4152255,2.9729018,4.9165726,4.653874,3.8139858,5.8178167,2.574172,6.947387,4.3466325,6.1763296
PAK5,9.110813,3.2287385,3.0542524,4.053932,4.087434,6.6183963,6.669299,6.178998,5.7065716,6.393318,2.5218081,5.8833947,6.1161118,6.6700354,6.171851,5.5658083,6.798895,5.4976997,3.4971719,6.7850504,3.3308747,6.7374396,4.417752,2.9800985,4.9063406,4.6567183,3.8269577,5.829548,2.5839863,6.9290237,4.3559837,6.1886473
PAK6,9.138974,3.2821093,3.0541062,4.053653,4.1087537,6.6164036,6.66849,6.1683016,5.7251277,6.3907843,2.518736,5.86567,6.1222687,6.651707,6.169671,5.5162516,6.772881,5.513732,3.477952,6.7716527,3.3325346,6.7299232,4.4250493,2.9753628,4.909194,4.675388,3.8349333,5.8416176,2.589188,6.923693,4.3532777,6.2012124
PASK,9.551579,4.5856724,2.5911653,3.2358937,4.6975775,6.7080965,6.732641,5.9662724,5.6499896,5.9114757,2.313622,5.6572933,6.323911,6.174013,6.231481,4.701154,5.7818794,6.032,3.0616925,6.6141224,3.8775728,6.459777,4.870328,2.4453962,4.567357,5.083629,3.7755187,6.476818,2.814504,6.747548,4.4697227,6.5805783
PBK,9.4669895,5.2798157,2.3208582,3.4510255,4.525861,6.851061,6.887014,5.6395316,5.989189,6.0292583,2.4579823,4.9853563,6.5371056,6.435981,6.3088865,4.020297,5.6591907,5.7730327,2.572121,5.8061056,3.1947613,6.4774423,5.0011806,2.5742471,4.744905,5.5856514,3.4544785,6.360342,1.9988205,6.9687276,3.7480695,6.472112
PDHK1,10.182398,4.7238636,2.232023,3.0715277,4.8757606,7.0395145,6.946597,5.8899536,5.303796,5.267982,1.9766928,5.268628,6.328778,5.9741383,5.864044,4.9393306,5.0853806,6.404789,2.861667,7.028363,4.448366,6.089471,4.828001,2.4090993,4.0743217,5.1585193,4.0957594,6.6033015,3.3392596,6.783035,4.9429917,6.7431703
PDHK4,10.171154,4.7405806,2.2479382,3.0922973,4.8751884,7.037804,6.9555726,5.882435,5.3260403,5.289895,1.9933438,5.2526245,6.336915,5.9571953,5.870949,4.9186797,5.1037326,6.3863826,2.8677466,7.006633,4.426242,6.097772,4.831979,2.4153512,4.094186,5.159281,4.0874176,6.5836377,3.318286,6.7939305,4.922447,6.7339664
PDK1,9.663984,4.340294,2.6847124,3.3200505,4.69452,6.7217236,6.7495165,6.0192585,5.573596,5.968094,2.269422,5.6881633,6.312959,6.13724,6.195938,4.868671,5.913059,6.124054,3.1753018,6.761894,3.9998786,6.512864,4.8065715,2.4719229,4.536351,4.9653163,3.7934592,6.4751606,2.9506772,6.7239943,4.573831,6.630897
PHKG1,9.788035,4.4460454,2.3273177,3.4771266,4.3890095,6.966843,6.875983,5.853071,5.7197924,6.036167,2.2497106,5.371347,6.487456,6.5956416,6.2202835,4.636057,6.0304155,5.8617687,2.8694212,6.493436,3.7795193,6.6396275,4.7455654,2.3009021,4.666507,5.092938,3.684138,6.3618107,2.7437487,7.015213,4.2558527,6.578708
PHKG2,9.716436,4.20157,2.2995236,3.5949934,4.1458006,7.0070105,6.827383,5.857091,5.7279296,6.1726613,2.2803473,5.41812,6.484162,6.884837,6.257421,4.75897,6.324743,5.678443,2.8721724,6.506031,3.6791096,6.8201613,4.6529007,2.2872524,4.793484,5.012214,3.6589663,6.2747574,2.7215397,7.125976,4.173115,6.5412817
PIM1,9.515185,4.1016994,2.556389,3.3876722,4.401278,6.7106805,6.531972,6.170068,5.4642773,5.8550615,2.1760378,5.9860263,6.2692814,6.5533266,6.1350656,5.146405,6.1113257,5.926555,3.1213408,7.0233016,3.9819338,6.5347376,4.602967,2.5776017,4.7446322,4.8689013,3.8260112,6.351161,3.0955725,6.757616,4.6954184,6.5129027
PIM2,9.519124,4.1964135,2.6318398,3.3297157,4.5332665,6.6707706,6.550768,6.170775,5.4709144,5.8371634,2.197114,5.9909687,6.251168,6.363335,6.1370807,5.095126,6.006628,6.0076904,3.1732385,7.014692,4.026116,6.484143,4.661624,2.5898683,4.6792483,4.8757367,3.8434675,6.399249,3.1065001,6.6984606,4.7345014,6.5459356
PIM3,9.521048,4.140304,2.5618339,3.3774803,4.4318633,6.706301,6.537402,6.1703978,5.468932,5.8421693,2.1745164,5.985371,6.271604,6.510403,6.131433,5.1240005,6.079949,5.94583,3.1213279,7.0183887,3.9941566,6.5170646,4.6127477,2.582913,4.737756,4.875314,3.8299406,6.3602095,3.1009188,6.7475986,4.7047696,6.5179906
PINK1,9.829374,5.325349,2.3317504,3.618081,4.735258,6.871416,7.0864286,5.7562666,6.0759115,5.911053,2.3361263,5.1728497,6.468896,5.586813,6.207899,4.0423675,5.5178328,5.969031,2.72265,6.097438,3.4875395,6.3002815,4.789079,2.3889546,4.544845,5.3104324,3.6727197,6.0585747,2.413571,6.9386077,4.0452437,6.429599
PKN1,9.747075,3.8877008,2.1140783,2.975401,4.4308653,6.7510257,6.4341865,6.19139,5.001959,5.6067977,1.9017576,6.0865073,6.3056965,6.866717,6.1620226,5.5047584,5.895242,6.0994763,2.9298487,7.4228034,4.3807397,6.49574,4.61982,2.176981,4.6077185,4.922534,3.7326918,6.64688,3.4182003,6.622678,4.88126,6.6221027
PKN2,9.832143,3.7908885,1.9862994,2.9053483,4.3560715,6.777351,6.4382825,6.156762,4.8904967,5.576985,1.8464656,6.0138717,6.304544,7.0320907,6.1713552,5.6034517,5.8769183,6.112842,2.8557394,7.475513,4.4257846,6.517301,4.597106,2.0634017,4.5509114,4.939397,3.7073915,6.68665,3.4467614,6.6238365,4.876057,6.639532
PKN3,9.545842,4.158998,2.8326817,3.300062,4.713445,6.5589046,6.623465,6.170959,5.4418845,5.9355297,2.2776978,5.9475913,6.155384,6.045374,6.1574273,5.1129837,5.9351177,6.1521125,3.337578,7.0140676,4.049785,6.4531755,4.711964,2.6164937,4.4946303,4.8147497,3.8893406,6.433993,3.0867648,6.5863576,4.767727,6.5788097
PLK1,9.663836,4.218139,2.7336414,3.3792794,4.6404843,6.701179,6.7296166,6.0537767,5.534715,5.998987,2.2712357,5.713919,6.2694635,6.173801,6.174333,4.959745,5.977084,6.104499,3.2214108,6.84103,3.973752,6.5305476,4.7413454,2.520456,4.532349,4.9066105,3.8079634,6.4311604,2.9641128,6.7138367,4.6010995,6.6126537
PLK2,9.46838,3.926282,2.3675094,3.646498,4.0005364,6.77216,6.690591,5.9432135,5.624911,6.3083415,2.3863907,5.590665,6.2717257,7.0099635,6.320707,5.0433435,6.5049114,5.5884776,2.9810302,6.593026,3.4979734,6.865926,4.530203,2.4076743,4.7716985,4.894506,3.7255428,6.1208878,2.646054,7.0373197,4.1517363,6.3741736
PLK3,9.584064,4.2764835,2.7766018,3.322344,4.704638,6.6458397,6.671614,6.1024203,5.530979,5.9319305,2.273409,5.838874,6.239422,6.0727477,6.1656632,4.9747267,5.9237714,6.1212144,3.2594135,6.88901,4.0162716,6.4742837,4.7587914,2.5697842,4.5457554,4.89495,3.8449929,6.443218,3.0196111,6.6615686,4.6815667,6.6019683
PLK4,9.786264,5.0582805,2.7891917,3.4771245,5.1903777,6.4843297,7.158383,5.970081,5.861074,6.1510887,2.478513,5.284287,6.219354,5.4292393,6.182235,4.24236,5.4556637,6.36226,3.18815,6.2878585,3.746263,6.1159964,4.8377523,2.6235282,4.2284837,5.018476,3.9248912,6.288804,2.5753806,6.63387,4.3698573,6.397412
CAMK1B,9.793722,4.1462283,2.21504,3.5527074,4.0768714,7.096051,6.8434,5.842301,5.7048683,6.2134686,2.237173,5.4544473,6.540784,6.959977,6.292243,4.761062,6.4137473,5.624702,2.8111827,6.5427384,3.7883346,6.9332986,4.6346607,2.1569128,4.9027667,4.9475574,3.6164184,6.3379297,2.8296337,7.207918,4.1562376,6.602289
AMPKA1,9.437697,3.4566267,3.3423905,3.6420019,4.546442,6.311044,6.63258,6.2710304,5.304585,6.3623476,2.4837444,5.9521837,5.8187017,6.0636177,6.1564317,5.5542192,6.3089137,6.146251,3.755177,7.18612,3.7775269,6.599938,4.492402,2.9099524,4.335918,4.519181,3.9690943,6.206324,2.9429913,6.452617,4.762034,6.468842
AMPKA2,9.471776,3.4975688,3.3033774,3.6007602,4.5699153,6.3403754,6.606543,6.2567606,5.2941356,6.3220105,2.4571238,5.951405,5.852765,6.062516,6.14922,5.517486,6.3057165,6.172807,3.717848,7.2172093,3.820086,6.6108775,4.520328,2.871352,4.3186946,4.551198,3.981994,6.2480774,2.973966,6.46207,4.7767744,6.4965935
PKACA,9.609327,3.4121008,1.7645943,2.9555,3.7757833,6.6788163,6.296791,6.113962,4.779613,5.854256,1.9886812,6.0385637,6.148158,7.744866,6.3568635,5.908922,6.3574586,5.771959,2.7953389,7.4417324,4.0957565,6.87673,4.4115834,1.9297389,4.6078544,4.8187823,3.6672952,6.4915285,3.2874596,6.757875,4.608561,6.4927454
PKACB,9.544628,3.3251798,1.7524629,2.9654114,3.6875024,6.6300774,6.2523384,6.1201305,4.7242026,5.9149694,2.0272224,6.067502,6.083804,7.839027,6.387243,5.9911575,6.440389,5.7190123,2.8147726,7.4614124,4.030735,6.9426146,4.361424,1.9272598,4.601087,4.7714543,3.67856,6.4463205,3.2641737,6.758547,4.5782895,6.4594173
PKACG,9.623003,3.4793293,1.786817,2.9793084,3.8229773,6.7010317,6.329362,6.101397,4.8397098,5.8534603,1.9903395,6.0126743,6.18268,7.677235,6.348868,5.828507,6.3346305,5.7768416,2.7870517,7.3931336,4.094594,6.854242,4.4375453,1.9420967,4.63264,4.8417735,3.6576827,6.4944673,3.2650213,6.7716045,4.592896,6.5012765
PKCA,10.001622,3.928068,1.8798573,2.6323082,4.702399,6.791456,6.3993726,6.2332845,4.651277,5.189731,1.6337346,6.109533,6.3689675,6.8442817,6.0375953,5.7154107,5.411413,6.4295993,2.788721,7.7448735,4.8092904,6.1959543,4.67339,2.0296254,4.4403734,5.0785923,3.7323828,6.911429,3.7178316,6.420325,5.1850944,6.7083735
PKCB,9.997451,3.9207273,1.8584905,2.6594565,4.6566434,6.803408,6.4196186,6.207515,4.7018075,5.235744,1.6458452,6.0807104,6.388032,6.8667264,6.0826144,5.660264,5.470656,6.380434,2.7656782,7.6714783,4.757425,6.2413454,4.671151,2.0052612,4.473972,5.077711,3.699018,6.890476,3.65397,6.4613156,5.1170044,6.6873612
PKCD,10.013196,4.0430813,1.88158,2.7114413,4.672068,6.8387346,6.4897575,6.1622305,4.7873406,5.2935457,1.6956435,5.967293,6.4126697,6.811644,6.079199,5.537377,5.455592,6.3701234,2.7524977,7.55462,4.687252,6.254327,4.6970763,2.016523,4.446562,5.1122947,3.6820555,6.864269,3.57717,6.508948,5.0397835,6.7069616
PKCE,9.98477,3.9652982,1.9119685,2.704443,4.6525555,6.8058343,6.4520144,6.1923194,4.7338424,5.270223,1.684998,6.045454,6.3596425,6.8081927,6.061255,5.6376595,5.47701,6.3703866,2.79637,7.6572046,4.726325,6.2585917,4.6661973,2.048157,4.4392185,5.063079,3.7363615,6.8555145,3.6387887,6.4816303,5.119938,6.698877
PKCG,9.9775715,3.9415205,1.8785741,2.666634,4.6813903,6.796631,6.4091697,6.2289743,4.7006674,5.2494984,1.6634634,6.1156983,6.390524,6.858972,6.068292,5.6672263,5.4687443,6.3997827,2.7802486,7.6809373,4.7549515,6.233485,4.6874957,2.0215328,4.4745536,5.089538,3.7031302,6.9031463,3.6628454,6.4432206,5.12966,6.7002363
PKCH,9.988305,3.9380991,1.9124174,2.6652098,4.690822,6.7816033,6.415459,6.223264,4.682679,5.2219467,1.664877,6.07621,6.3395424,6.809955,6.038959,5.6939096,5.431228,6.410803,2.817704,7.715426,4.774461,6.21316,4.67066,2.0573564,4.4270906,5.0550275,3.7555196,6.8799195,3.6870012,6.4350076,5.1715775,6.7008696
PKCI,9.956729,3.9268885,1.9715582,2.7249844,4.644906,6.7703266,6.4313993,6.209903,4.723784,5.2779036,1.7094709,6.048461,6.2844863,6.7722306,6.0312395,5.6891503,5.4881787,6.3682733,2.8666527,7.6894994,4.7173123,6.254363,4.650557,2.1082208,4.404919,5.003182,3.811418,6.8245087,3.6589212,6.465122,5.1597095,6.692189
PKCT,10.000793,4.0490837,1.8906934,2.6551414,4.7568145,6.8018684,6.445139,6.2135925,4.729464,5.2403297,1.6806779,6.049148,6.4219375,6.750012,6.05995,5.587006,5.381598,6.443321,2.759695,7.624661,4.755197,6.186672,4.730159,2.0244758,4.4479713,5.1457734,3.6904528,6.9213886,3.6338837,6.433446,5.1145334,6.7147946
PKCZ,9.946688,3.8831744,1.9538839,2.7156966,4.631921,6.7566156,6.397491,6.2329326,4.710422,5.2869163,1.7031922,6.0787616,6.3094954,6.8452854,6.0726933,5.709576,5.5160336,6.351507,2.8582969,7.692326,4.708374,6.2650847,4.65845,2.079174,4.4489756,5.0093637,3.7709987,6.8303537,3.6397727,6.4502735,5.1311307,6.6629457
PRKD1,9.973658,3.9989848,2.045486,2.7382054,4.725301,6.7674956,6.4692326,6.196869,4.738391,5.2618933,1.7304372,6.0004177,6.2418885,6.6100554,5.971314,5.6602464,5.4001093,6.418232,2.9159718,7.6909533,4.7320356,6.21633,4.646802,2.1788926,4.320224,4.980875,3.873319,6.818373,3.6766253,6.4558764,5.205667,6.7218676
PRKD2,9.945175,3.9870346,2.0518465,2.7091894,4.7953534,6.7271776,6.435177,6.236326,4.719493,5.2431426,1.7381616,6.0586653,6.2733784,6.5950294,5.978788,5.6670957,5.375942,6.480986,2.9178388,7.7137804,4.7783523,6.1534867,4.7008815,2.1809273,4.353738,5.013106,3.8487024,6.8807645,3.6993575,6.397201,5.2359743,6.723061
PRKD3,9.9875965,4.0537763,2.0292144,2.7134457,4.7627583,6.765409,6.496041,6.1816783,4.7502093,5.238745,1.704401,5.9868155,6.260911,6.558286,5.972588,5.6125593,5.3658247,6.442567,2.8922906,7.6680856,4.758458,6.183627,4.6521215,2.1643307,4.326937,5.005614,3.8531976,6.8258157,3.672594,6.4464273,5.2058263,6.7235627
DNAPK,9.908321,5.6813817,2.3906913,3.529077,5.0534825,6.75826,7.179008,5.7216988,6.0837994,6.0125833,2.4781432,5.033299,6.397195,5.073011,6.234319,3.823833,5.318783,6.185335,2.81163,5.97215,3.4667525,6.1457415,4.8771596,2.461819,4.3188734,5.266484,3.6868353,6.077593,2.3249848,6.848236,4.0640845,6.439754
PKG1,9.935965,3.8450282,1.9220722,2.7543063,4.531226,6.794263,6.4030437,6.204263,4.7422304,5.3470516,1.7154413,6.0695457,6.325272,6.9457736,6.088593,5.6947713,5.6244626,6.27826,2.8285658,7.6567316,4.6528687,6.343748,4.630769,2.048196,4.4838433,5.000316,3.7422261,6.8057737,3.6160095,6.5154634,5.0713625,6.6751
PKG2,9.980731,4.131875,1.912238,2.7908168,4.6643343,6.8680873,6.520185,6.146091,4.9055195,5.410219,1.778815,5.9202127,6.486573,6.808725,6.118293,5.40273,5.5144153,6.328692,2.7318127,7.395534,4.562777,6.3002663,4.75751,2.0184767,4.49281,5.1743417,3.6277864,6.8548284,3.454973,6.55726,4.910505,6.7076526
PRKX,9.641262,3.6667476,1.8577648,3.0802803,3.9302435,6.7706833,6.4206476,6.062769,5.0236025,5.891984,2.022838,5.9283237,6.265226,7.4747972,6.333824,5.5869765,6.30412,5.7605143,2.7823594,7.2418814,4.047989,6.8226366,4.494498,1.9901477,4.700171,4.8892145,3.6413352,6.469486,3.1760762,6.8386765,4.522867,6.509259
PRP4,9.818454,3.6277795,2.0399556,3.0513728,4.0956993,6.8574953,6.4519134,6.115702,4.8629875,5.808842,2.0050802,5.872039,6.206244,7.261364,6.1876755,5.768319,6.056423,6.029006,3.0002606,7.3895044,4.2313404,6.776005,4.5387597,2.1064372,4.209173,4.805694,3.8215306,6.578057,3.3692074,6.777274,4.770093,6.6780353
RAF1,9.007059,4.2241373,3.2286713,4.4651046,4.2113156,6.540918,6.630445,6.2229753,6.1076746,6.238929,2.612096,5.8847146,6.1716948,6.1987205,6.0074034,4.7307396,6.633968,5.555296,3.3225858,6.4843473,3.1485999,6.5424323,4.3039303,3.7478375,5.2514973,4.8054624,4.027124,5.6672664,2.5331357,6.966224,4.344313,6.075923
RIPK1,9.38331,5.3033905,2.3235772,3.475791,4.4764376,6.8505635,6.853802,5.5938067,6.0152755,6.0406613,2.5066044,4.947235,6.555735,6.5279794,6.3233604,3.9967537,5.675956,5.709839,2.514403,5.7342114,3.1010706,6.4964542,5.0313716,2.6356838,4.8122845,5.6587634,3.3882303,6.366759,1.8957622,6.9898014,3.6579149,6.4483843
RIPK2,9.372969,5.288152,2.3537784,3.5233848,4.45616,6.8297725,6.8405805,5.6205716,6.0118957,6.069655,2.518341,4.989551,6.5233235,6.54627,6.3238583,4.0268893,5.715728,5.6950393,2.5429876,5.760365,3.0691614,6.5178814,4.994231,2.6590595,4.813043,5.629685,3.4059818,6.327447,1.8920509,6.982396,3.6612165,6.4241815
RIPK3,9.351394,5.2057343,2.359083,3.4560301,4.439339,6.8503227,6.800094,5.632766,5.9651656,6.0510345,2.485523,5.0107946,6.543501,6.609549,6.3144417,4.0841804,5.7471333,5.688282,2.5632083,5.7967606,3.1165638,6.55065,5.0179405,2.6485367,4.839118,5.6119123,3.414661,6.3969903,1.9343119,6.9854145,3.6994061,6.4730883
ANKRD3,9.374902,5.231153,2.3779109,3.5287278,4.4453907,6.8275104,6.824188,5.646372,5.994933,6.0737576,2.506284,5.0260034,6.5115848,6.5346355,6.3110795,4.073211,5.745522,5.6914563,2.5799654,5.80983,3.08904,6.531927,4.9715586,2.6651595,4.8152404,5.5847898,3.4334075,6.3197436,1.9360697,6.9795356,3.705666,6.4321237
ROCK1,9.977212,3.9752624,2.111649,3.107056,4.3447924,6.9967346,6.602889,6.0838947,5.061961,5.663025,1.9427574,5.711275,6.3871007,6.994516,6.084119,5.4623957,5.8117294,6.124078,2.9330423,7.2909403,4.301121,6.586762,4.642128,2.2109876,4.2907834,4.960444,3.7650368,6.6289563,3.3385184,6.8041353,4.796652,6.7309065
ROCK2,9.946856,3.8796198,2.1144214,3.1040678,4.2859964,6.976893,6.5480895,6.1120195,5.02473,5.6644864,1.9299203,5.7905807,6.357491,7.0203753,6.0927997,5.526234,5.8891897,6.0896306,2.9522018,7.355681,4.3165326,6.6226635,4.6069794,2.204215,4.3186026,4.9107685,3.775124,6.616163,3.388775,6.800566,4.829935,6.723841
P90RSK,9.817714,4.013837,2.1877553,3.158833,4.3669405,6.8525915,6.597651,6.0682063,5.2389307,5.7859807,2.0090632,5.805586,6.377824,6.8204603,6.1901574,5.2360063,5.994017,6.0136633,2.9099448,7.123787,4.1859655,6.592372,4.643204,2.1776927,4.598873,4.955131,3.69189,6.552261,3.207079,6.7801676,4.6624646,6.634114
RSK3,9.889234,3.965734,2.0885398,3.099437,4.3306694,6.9009614,6.585659,6.0599346,5.1539454,5.7296104,1.948132,5.7829814,6.4028497,6.9383974,6.181153,5.3112187,5.9578648,6.0336423,2.85469,7.193203,4.2513275,6.5979457,4.638656,2.1040187,4.5566626,4.9778757,3.6695392,6.6024456,3.2639737,6.7848372,4.6902366,6.6649556
RSK2,9.868092,3.8897724,2.035625,3.033425,4.2898917,6.8607893,6.535563,6.0750756,5.0764866,5.6969314,1.9149487,5.84371,6.361291,7.0037446,6.19418,5.3948994,5.9738755,6.0307527,2.8346317,7.268578,4.2932644,6.6005616,4.610246,2.0587687,4.5574875,4.9580135,3.6768322,6.6193743,3.315172,6.7499566,4.727017,6.6501813
MSK2,9.630456,4.1273956,2.4832385,3.239652,4.521106,6.706974,6.576649,6.139763,5.360667,5.8309627,2.1400704,5.9351397,6.271707,6.4630322,6.1656137,5.1641116,5.9708366,6.0481644,3.1059136,7.0668807,4.1070514,6.5144105,4.6669636,2.4273188,4.5986266,4.887027,3.8077886,6.4706306,3.1593764,6.698859,4.724869,6.5817146
MSK1,9.86271,4.118488,2.2529356,3.214247,4.4378347,6.8603687,6.698126,6.0219817,5.322123,5.8375316,2.0604768,5.672161,6.37965,6.675836,6.179611,5.1057796,5.9341674,6.052198,2.9305663,6.99839,4.130771,6.5644517,4.670804,2.2110512,4.5316033,4.974208,3.715533,6.5254693,3.1212127,6.7979045,4.6050935,6.635
RSK4,9.879448,3.994384,2.1059377,3.1041512,4.352568,6.896975,6.5920224,6.0602036,5.1710887,5.732911,1.9595779,5.78254,6.4038615,6.9073176,6.1805677,5.288354,5.945114,6.0398684,2.8650649,7.1765914,4.2454605,6.589512,4.6503325,2.119726,4.556411,4.9818287,3.6748583,6.601835,3.2539399,6.7823358,4.6879973,6.664132
P70S6K,9.789745,3.8422084,1.9765297,3.0325146,4.225247,6.8258853,6.4789314,6.093506,5.0575347,5.72057,1.9218992,5.9285684,6.358297,7.1188817,6.2337847,5.4417596,6.059187,5.9576488,2.8120725,7.2975206,4.2523875,6.6357355,4.5838146,2.0419514,4.6775546,4.9515495,3.638095,6.5928245,3.2969534,6.751035,4.691497,6.608051
P70S6KB,9.637704,4.054624,2.410114,3.1431158,4.536584,6.6669765,6.5591846,6.1506386,5.2504687,5.8385344,2.1291504,5.976498,6.233102,6.511239,6.201327,5.26544,5.9428835,6.092532,3.1117158,7.134872,4.1681027,6.529232,4.6769414,2.3399284,4.512149,4.8640156,3.8185143,6.5229516,3.2121384,6.6539226,4.7487793,6.5864744
SBK,9.563551,4.627261,2.624342,3.2069044,4.7843823,6.676895,6.769409,5.964664,5.663937,5.922204,2.3298917,5.656081,6.307796,6.0422473,6.242411,4.665575,5.7349486,6.084456,3.0946262,6.5951796,3.9092855,6.4291077,4.8990974,2.4263039,4.5169864,5.0751967,3.7993877,6.489855,2.8273113,6.7191753,4.4855704,6.5811744
SGK1,9.719142,3.681099,1.8438128,2.9980447,4.024616,6.793214,6.4036617,6.0930133,4.944194,5.7662325,1.9381092,5.965211,6.2909217,7.4232554,6.286156,5.6317215,6.177599,5.861877,2.7770143,7.355326,4.1889725,6.7417474,4.516404,1.9764168,4.657781,4.912281,3.6423771,6.5538683,3.2905216,6.778715,4.64358,6.5604897
SGK3,9.680744,3.7298386,1.8851631,3.081749,3.9962473,6.799337,6.45016,6.0558143,5.047047,5.8687067,2.0142512,5.896496,6.288415,7.399791,6.310245,5.5326405,6.2405057,5.8049374,2.7935095,7.2243958,4.0771947,6.7902102,4.5233536,2.0022705,4.667201,4.908124,3.6472902,6.4927087,3.1825676,6.837352,4.54207,6.537811
SIK,9.41536,3.7688496,2.2653325,3.5637856,3.8747299,6.6960573,6.6038427,5.9688263,5.472264,6.3450694,2.38958,5.67934,6.1752615,7.2066584,6.373141,5.2422724,6.5805764,5.558219,2.976912,6.698031,3.499672,6.9418902,4.4684644,2.3247583,4.711592,4.831239,3.7391388,6.116142,2.689634,7.006448,4.1580915,6.342001
QIK,9.632344,4.8062587,2.8362339,3.2594993,5.17806,6.430884,7.056974,5.9640517,5.7921367,6.1614604,2.491999,5.5364566,6.142457,5.3361316,6.2958546,4.442852,5.5744877,6.307668,3.2836149,6.404529,3.8685977,6.2686644,4.9217067,2.4300861,4.22774,4.958933,3.9447844,6.3719177,2.7353935,6.5892577,4.4357986,6.450615
QSK,9.405577,3.6827006,2.206687,3.4953835,3.8203297,6.666528,6.5532346,5.9862347,5.369288,6.3431726,2.3754823,5.7316556,6.1289907,7.3091,6.3916364,5.366897,6.596426,5.563943,2.9792197,6.778667,3.5345318,6.9763103,4.443573,2.2683113,4.6562567,4.798126,3.7484004,6.139432,2.739416,6.980611,4.187062,6.344347
SLK,9.819169,4.95407,2.776686,3.4617755,5.1523104,6.4671016,7.136126,6.009592,5.7678275,6.1478505,2.455707,5.3313775,6.1695313,5.5368686,6.163077,4.358652,5.46799,6.3906136,3.2194915,6.400162,3.798109,6.12877,4.7932863,2.6250434,4.164311,4.957162,3.954295,6.293889,2.6502244,6.6015434,4.432356,6.399356
SMG1,9.906783,5.6853724,2.366338,3.5275853,5.0375013,6.7710204,7.1733513,5.7070675,6.0928354,6.0111537,2.47825,5.0327797,6.4013324,5.073434,6.242324,3.821172,5.323203,6.1640186,2.7969103,5.965651,3.4621184,6.160895,4.884134,2.432047,4.3279552,5.2775373,3.6757026,6.0721383,2.3244295,6.860761,4.0444202,6.4420886
SNRK,9.803611,4.201543,2.570231,3.4215672,4.59497,6.7254834,6.864898,6.0103064,5.5259533,6.082264,2.2576473,5.545063,6.279629,6.289903,6.187431,4.893976,5.9685335,6.092998,3.120986,6.7681746,3.9283953,6.5262938,4.6740637,2.4049044,4.457081,4.8994713,3.8061726,6.3823147,2.9086125,6.7738643,4.493872,6.547486
SRPK1,9.776456,3.7275977,2.339259,3.1708655,4.3230667,6.7408595,6.554234,6.1487007,5.026854,5.9280353,2.133998,5.868373,6.159261,6.8137035,6.180456,5.5774117,6.013562,6.1231937,3.1806493,7.2783055,4.1733704,6.701385,4.589839,2.2654696,4.183182,4.725968,3.8914752,6.530889,3.2882822,6.6926174,4.7753806,6.6725845
SRPK2,9.764305,3.7171352,2.3776102,3.1628711,4.3501563,6.7109222,6.5554347,6.157138,5.016284,5.932037,2.1440609,5.878783,6.1307826,6.7779837,6.17652,5.5893674,6.001444,6.1480956,3.20644,7.2849936,4.1784062,6.6834054,4.5900784,2.2914228,4.1674185,4.7204046,3.9043455,6.5320997,3.2866664,6.663383,4.7911124,6.6652756
SRPK3,9.738164,3.7411308,2.3903174,3.1567392,4.3681436,6.687102,6.5594287,6.15266,5.037417,5.9467955,2.161193,5.8868175,6.1226206,6.7434072,6.1913576,5.5623403,6.00205,6.145737,3.21026,7.252418,4.1645,6.678049,4.6018405,2.2894788,4.1730742,4.7231803,3.9053526,6.528475,3.2679107,6.655476,4.7756634,6.6549354
LOK,9.111706,3.35424,3.0591013,4.0865583,4.099013,6.610021,6.665491,6.175361,5.7539005,6.3893824,2.5310812,5.869852,6.118987,6.608973,6.166941,5.4520187,6.768641,5.518245,3.4639566,6.7418356,3.3093545,6.7288833,4.406888,3.0229855,4.940741,4.6749587,3.844145,5.8139763,2.571431,6.9389377,4.339086,6.1827803
LKB1,9.718076,4.548356,2.571411,3.3837285,4.7015014,6.7536077,6.8738985,5.950827,5.6853733,5.9898324,2.2949612,5.5029316,6.3479156,6.1288157,6.191563,4.6510477,5.8133154,6.080662,3.0534651,6.568551,3.8810227,6.44539,4.7918124,2.4549747,4.5202203,5.0360446,3.8058674,6.397,2.8123724,6.801962,4.432907,6.550397
MPSK1,9.514874,4.409434,2.5777414,3.608303,4.3562207,6.7807083,6.752963,5.9240446,5.7659326,6.1280894,2.385485,5.5003037,6.3401995,6.505123,6.2230773,4.7119555,6.1362114,5.7963037,3.0063381,6.4715147,3.5520656,6.638677,4.6934013,2.5933037,4.7428,5.0477624,3.7220333,6.223812,2.5909886,6.929531,4.231841,6.468809
DRAK1,9.691146,4.5353756,2.5566406,3.2630808,4.7378945,6.7563477,6.8341794,5.93415,5.642716,5.9738107,2.2832365,5.542257,6.3785777,6.164278,6.238177,4.677271,5.8052645,6.113017,3.047479,6.576067,3.9478374,6.4803667,4.88218,2.37904,4.522024,5.080363,3.7495654,6.512929,2.8317156,6.7685623,4.438382,6.6145625
MST3,9.175379,3.2000556,3.5158923,3.9830458,4.372531,6.359612,6.5648723,6.3328543,5.478407,6.592905,2.6678119,6.011184,5.848559,6.1572595,6.184014,5.5643587,6.6673265,5.9498606,3.8119364,7.1805267,3.4804635,6.7556925,4.4573107,3.1934083,4.5750585,4.583377,4.0105224,6.0049434,2.6823866,6.585659,4.6133966,6.34446
YSK1,9.249845,3.2679408,3.4610782,3.9145513,4.386213,6.360683,6.554308,6.293642,5.445766,6.5120134,2.5919628,6.012463,5.848276,6.1727653,6.1668596,5.5727534,6.650279,5.959645,3.804981,7.1645985,3.528599,6.7252674,4.454784,3.0766313,4.560646,4.5548077,4.0064597,6.0323753,2.7674148,6.5694847,4.6438866,6.3615746
MST4,9.251523,3.2858365,3.4538667,3.9169955,4.406581,6.387552,6.5402665,6.2930593,5.4522834,6.496689,2.581824,6.0230646,5.8612437,6.154008,6.1565,5.5635285,6.6499467,5.949558,3.8031218,7.1721497,3.534449,6.72189,4.4683285,3.060848,4.5831547,4.5838337,4.0137296,6.0363703,2.7814813,6.580837,4.655425,6.3633204
MST2,9.263397,3.3276868,3.4111814,3.9020653,4.3659687,6.3608346,6.5845995,6.2677855,5.4623632,6.4974484,2.581512,5.964168,5.868146,6.1984186,6.1755457,5.510049,6.6106534,5.966096,3.7442548,7.1196704,3.5215604,6.722213,4.4457464,3.0751183,4.540354,4.5525637,3.9870641,6.0286994,2.7409174,6.589057,4.5956674,6.358431
YANK2,9.800488,4.567352,2.3315992,3.3552108,4.539564,6.900706,6.8889995,5.8598013,5.6706715,5.9667172,2.2397275,5.375168,6.455292,6.4276104,6.2213326,4.6095896,5.8357415,5.981927,2.8733275,6.50496,3.8523972,6.5299344,4.801411,2.2952287,4.558621,5.124615,3.7124236,6.43025,2.7685173,6.9214134,4.308172,6.587451
YANK3,9.756207,4.5769563,2.3422449,3.2858324,4.5794864,6.862233,6.859568,5.8676972,5.6336927,5.9441,2.2481766,5.4130597,6.4320626,6.420989,6.2344313,4.6392465,5.7866173,6.010923,2.886312,6.523242,3.87471,6.5120006,4.8378415,2.2941284,4.5312223,5.141719,3.7179596,6.4758053,2.774988,6.8768497,4.332721,6.5938973
STK33,9.643098,5.0966864,2.472166,3.2752142,4.8829894,6.7435718,7.003629,5.75984,5.880258,6.033141,2.41437,5.214878,6.447799,5.9908834,6.3045583,4.191007,5.560623,6.0759416,2.8685071,6.107611,3.6582577,6.345452,5.026344,2.4322815,4.4808397,5.303624,3.6831114,6.484588,2.4444044,6.8316097,4.1100974,6.5438857
NDR1,9.884587,3.7145002,1.8615835,2.91549,4.161442,6.853379,6.4703093,6.088654,4.8428683,5.666589,1.8875262,5.871603,6.302777,7.2978234,6.221942,5.688013,5.9511466,6.0444784,2.8087533,7.4216247,4.343293,6.663754,4.5804124,1.9723035,4.387956,4.9320216,3.703648,6.66492,3.404447,6.732,4.7654324,6.662799
NDR2,9.847602,3.7062192,1.8856741,2.9421759,4.137883,6.8481073,6.4434733,6.1063104,4.8648133,5.6805916,1.9012059,5.906306,6.293766,7.3028064,6.2160144,5.687643,5.9921846,6.012083,2.830829,7.42567,4.3142195,6.6801434,4.56006,1.9977152,4.4275503,4.9103737,3.7106757,6.636233,3.397615,6.7435374,4.7670536,6.6464305
STLK3,9.380551,3.3977528,3.326241,3.7175157,4.4509797,6.3604383,6.559998,6.252643,5.3417044,6.3958054,2.501061,5.9805074,5.847919,6.151635,6.1607924,5.566715,6.4996185,6.070697,3.7474327,7.1775503,3.6887085,6.6908736,4.4818225,2.9155107,4.4185357,4.553167,4.007466,6.1529183,2.8967717,6.520181,4.702914,6.433297
MST1,9.260105,3.3184326,3.4316666,3.9006896,4.3881745,6.3604255,6.5768595,6.2813,5.452822,6.503439,2.5888748,5.982035,5.8600845,6.170517,6.173332,5.522208,6.607439,5.975937,3.7646296,7.1428843,3.5320482,6.7187333,4.4543233,3.0844336,4.5412464,4.558615,3.9954267,6.037796,2.7487297,6.5762053,4.618152,6.3658104
TAO1,9.229737,3.1984217,3.4449434,3.9560394,4.2928967,6.3463187,6.5542126,6.2770953,5.460735,6.531157,2.591594,5.999737,5.8417006,6.2777467,6.1756124,5.617562,6.747703,5.8878484,3.8038619,7.1192827,3.4646084,6.757889,4.412335,3.0554922,4.584593,4.5065103,3.991572,5.9771695,2.7501245,6.5938277,4.5971494,6.324921
TAO2,9.199688,3.1658316,3.4224672,4.0079384,4.2458386,6.3782086,6.542809,6.273329,5.500643,6.527877,2.5870366,6.015192,5.8666363,6.3505616,6.1685414,5.647518,6.8224897,5.802508,3.8013399,7.0886397,3.4104526,6.7667155,4.4043717,3.0381167,4.6599693,4.512316,3.9768,5.929748,2.738185,6.6374607,4.577479,6.292993
TAO3,9.898562,3.8124382,2.5206015,3.1456213,4.531271,6.689866,6.6657424,6.1410656,5.0106263,5.8025613,2.100201,5.7245054,6.106872,6.5178366,6.068167,5.5443783,5.770509,6.3163176,3.2150717,7.321348,4.263405,6.4823995,4.61067,2.423162,4.091672,4.795679,3.9278235,6.5667033,3.2870533,6.573807,4.895619,6.679667
TBK1,9.80685,5.479549,2.3205547,3.612359,4.861478,6.8146863,7.2055755,5.7111936,6.18217,5.935395,2.3642192,5.1834064,6.446324,5.2569594,6.276416,3.9037268,5.414347,6.0025296,2.681852,5.974064,3.44747,6.2529335,4.849882,2.2870576,4.4800506,5.3895903,3.6807618,5.99648,2.3209696,6.8959575,3.938939,6.3587556
TGFBR1,8.848734,4.308289,3.3489149,4.696194,4.1984425,6.5196424,6.568986,6.296429,6.197589,6.2242427,2.6166534,6.0065618,6.138443,6.13012,5.981764,4.6528955,6.728331,5.478006,3.3768513,6.465713,3.026073,6.526597,4.2642817,4.0823402,5.4244347,4.7697034,4.045403,5.501482,2.503848,7.011835,4.3336697,6.0141144
TGFBR2,8.898302,4.338257,3.335308,4.6613946,4.215606,6.518555,6.6035023,6.2772856,6.220902,6.195983,2.6413155,5.9574475,6.173024,6.104773,5.946421,4.6199846,6.670997,5.511708,3.3439014,6.4236274,3.0577812,6.4861083,4.2510886,4.0408807,5.3928347,4.8193803,4.070819,5.551275,2.5132506,6.9872246,4.3533087,6.010884
TLK1,9.824573,3.7083473,2.6520379,3.182095,4.5338044,6.5956607,6.6382856,6.1647625,5.0081916,5.8820724,2.15207,5.7819185,6.031193,6.4502726,6.0845933,5.5898986,5.856631,6.315702,3.3049376,7.3372555,4.220454,6.506799,4.587542,2.48048,4.092665,4.7327943,3.947818,6.5349665,3.2608833,6.5229573,4.900707,6.658494
TLK2,9.387366,2.7712653,2.080234,3.1632183,3.4093006,6.624468,6.196464,6.081886,4.533573,6.3589478,2.2677746,5.987935,5.754744,8.071543,6.3496785,6.468937,6.7531753,5.8161044,3.2486806,7.3982053,3.8411052,7.3036027,4.2693033,2.062026,3.914733,4.4741426,3.9925427,6.373115,3.1773872,6.79551,4.5737185,6.6077642
TNIK,9.256433,2.9541392,3.6664448,3.9891124,4.2647696,6.1701374,6.4690504,6.313107,5.310131,6.6200633,2.6163845,6.0999913,5.6687284,6.2627687,6.1661267,5.8300595,6.9282107,5.9664683,4.0224586,7.2904005,3.4476094,6.809572,4.371778,3.0650082,4.4384103,4.3257847,4.0514126,5.9576855,2.8491294,6.4183216,4.7230215,6.3356757
PRPK,9.549276,4.3597336,2.6566155,3.4786441,4.4921384,6.741784,6.710024,5.9925213,5.6655154,6.032596,2.3344955,5.6373444,6.3052273,6.350242,6.1941137,4.8284864,6.0428987,5.9351554,3.1101778,6.6503487,3.7548125,6.5813856,4.729182,2.572669,4.6616473,4.992943,3.7694278,6.32741,2.7728236,6.8219748,4.427031,6.54319
CHAK2,9.929878,5.0435877,2.7357013,3.622321,5.069292,6.5947556,7.1087065,6.040968,5.821794,5.96718,2.3469431,5.298156,6.2620797,5.5543203,6.018396,4.31971,5.433426,6.37604,3.1426804,6.456467,3.8111484,6.040795,4.683603,2.8087583,4.29772,4.994944,3.9441392,6.2090993,2.69734,6.6606126,4.5002465,6.415675
CHAK1,9.870049,5.1155114,2.7719746,3.5726376,5.1595435,6.532709,7.1568093,6.0030017,5.878805,6.061223,2.421091,5.2742314,6.2424526,5.4194875,6.0944233,4.2230167,5.419298,6.3784976,3.1643214,6.33738,3.7596595,6.0514293,4.7557826,2.7407205,4.2614512,5.00958,3.9382105,6.222009,2.6155686,6.6467485,4.421178,6.3939624
TSSK1,9.628091,4.9469323,2.4620647,3.2576833,4.7951727,6.7771297,6.944975,5.778105,5.833073,6.0211396,2.3820093,5.289339,6.4571476,6.1137505,6.3064218,4.308314,5.6537066,6.0386176,2.8826692,6.1948338,3.7056768,6.4173737,5.0100274,2.3964877,4.5286803,5.273649,3.6776736,6.5053005,2.5179665,6.8487096,4.1511636,6.5738835
TSSK2,9.59993,4.9602103,2.4393208,3.2430885,4.773986,6.7781606,6.959739,5.748466,5.8577642,6.061939,2.4073977,5.261016,6.4752164,6.1581635,6.3386836,4.279153,5.67295,6.0187764,2.8689694,6.1471853,3.6720414,6.4350533,5.036018,2.3845177,4.5330305,5.2859025,3.6701925,6.520837,2.480115,6.871424,4.1034746,6.58392
SSTK,9.622108,4.7243104,2.361265,3.3832612,4.5221896,6.862608,6.9033155,5.7749314,5.8165917,6.100843,2.370665,5.3051143,6.4734125,6.4509125,6.3180456,4.4255834,5.889647,5.869298,2.8450775,6.2314005,3.6378908,6.5785484,4.89226,2.343831,4.6265116,5.208949,3.6659613,6.4078846,2.521329,6.971522,4.082047,6.5401764
TTBK1,9.626902,4.79925,2.8336434,3.2523754,5.1769557,6.425505,7.0509953,5.965782,5.781513,6.1616774,2.4938626,5.5417767,6.1370134,5.3421993,6.2985916,4.452762,5.5738006,6.3085713,3.2863402,6.4122543,3.8689504,6.268764,4.922691,2.4320517,4.22043,4.956061,3.945341,6.377642,2.7375212,6.584981,4.438732,6.4516726
TTBK2,9.531651,3.1312096,2.2971826,3.120153,3.813179,6.4667726,6.372713,6.094862,4.745328,6.1776905,2.241528,5.9244075,5.851053,7.341282,6.324379,6.0826626,6.4869018,5.9632483,3.1880517,7.2091417,3.9165049,6.978486,4.399254,2.1516235,4.0638804,4.629293,3.8992243,6.422466,3.1457653,6.627097,4.589845,6.5512686
TTK,9.781161,5.238369,2.7321508,3.415027,5.235397,6.5457435,7.149976,5.9028206,5.871753,6.1122136,2.4862576,5.1556783,6.328935,5.4142327,6.208986,4.12595,5.3755445,6.3853583,3.099187,6.1713233,3.7104168,6.0815606,4.954292,2.6536016,4.238419,5.1588063,3.8305397,6.406008,2.4537477,6.65667,4.29107,6.4705257
KIS,9.557797,4.405935,2.5970833,3.5167832,4.4457145,6.7717113,6.7497272,5.944781,5.71195,6.0756497,2.3552716,5.5451155,6.3321323,6.4183245,6.2136126,4.7525077,6.0610113,5.8869133,3.0493844,6.5501895,3.6750777,6.606677,4.7302732,2.5478292,4.6767554,5.032042,3.7421715,6.2981844,2.6856935,6.8752913,4.3272514,6.5210824
ULK1,9.627435,4.244824,2.9913878,3.3780303,4.914065,6.399332,6.8709426,6.121411,5.5205307,6.173727,2.437156,5.6984634,6.0303655,5.6974115,6.1927633,4.9334745,5.821415,6.303278,3.449197,6.7982154,3.9222882,6.3749166,4.717372,2.6554923,4.2302957,4.7573223,3.97006,6.357397,2.8910086,6.5161076,4.640764,6.4958243
ULK2,9.683869,4.342802,2.901735,3.4486337,4.889323,6.4570227,6.915313,6.095701,5.5775485,6.1511045,2.410155,5.617531,6.0870852,5.751311,6.169134,4.8380427,5.8025336,6.2742777,3.3652127,6.7310944,3.8846889,6.347715,4.691631,2.658497,4.284855,4.800634,3.9573936,6.314599,2.8577702,6.57697,4.590982,6.4712234
VRK1,9.849754,4.644367,2.3283455,3.350202,4.603122,6.883068,6.91289,5.8697424,5.6651177,5.916405,2.226949,5.3648868,6.429829,6.3045225,6.1942587,4.5897512,5.7395673,6.0382686,2.8781354,6.5313263,3.8770704,6.4652653,4.7881007,2.3020556,4.493975,5.1160855,3.7420347,6.408905,2.8022742,6.8908772,4.3557134,6.5847197
VRK2,9.699998,5.117507,2.598125,3.2727783,5.0985947,6.5571136,7.0873613,5.850807,5.8495717,6.0851846,2.462573,5.3357153,6.265366,5.5172906,6.3030176,4.2207913,5.4545426,6.2392516,3.0552716,6.229446,3.748614,6.2339897,4.960409,2.409927,4.2596493,5.124898,3.834192,6.391441,2.575167,6.6890774,4.2566314,6.4735994
WNK1,9.225159,2.9971197,3.6000462,3.9556053,4.2456574,6.232014,6.5028906,6.320625,5.3658485,6.6077743,2.6280744,6.066713,5.719441,6.293044,6.192732,5.790359,6.888759,5.9299064,3.9724045,7.227942,3.4606597,6.812093,4.3577266,3.0492208,4.5039706,4.37836,4.0473723,5.9763575,2.8123603,6.4890842,4.666645,6.329378
WNK3,9.2525425,3.1585054,3.4981043,3.9163742,4.308897,6.304749,6.536984,6.289956,5.40724,6.5411835,2.5913024,6.0201507,5.7962027,6.2529373,6.1785927,5.6681323,6.7416654,5.94722,3.8603818,7.171453,3.507741,6.7622156,4.40528,3.0406108,4.52695,4.4658523,4.0179176,6.0120616,2.7934575,6.541052,4.6419654,6.346394
WNK4,9.615628,4.3904386,2.8772585,3.3477085,4.843619,6.6603827,6.752261,6.061601,5.635462,5.959993,2.3108108,5.767022,6.283179,5.850494,6.1691904,4.8459363,5.903925,6.2318482,3.315693,6.749107,4.0648084,6.4576716,4.8449197,2.6002917,4.5268426,4.92829,3.8716924,6.472314,3.0034015,6.6608534,4.674053,6.643966
